<mesh>
   <submeshes>
      <submesh material = "_Charcoal_" usesharedvertices="false" use32bitindexes="false">
         <faces count="104">
            <face v1="0" v2="1" v3="2" />
            <face v1="1" v2="0" v3="3" />
            <face v1="5" v2="4" v3="6" />
            <face v1="4" v2="5" v3="7" />
            <face v1="8" v2="9" v3="10" />
            <face v1="9" v2="8" v3="11" />
            <face v1="13" v2="12" v3="14" />
            <face v1="12" v2="13" v3="15" />
            <face v1="16" v2="17" v3="18" />
            <face v1="17" v2="16" v3="19" />
            <face v1="17" v2="19" v3="20" />
            <face v1="20" v2="19" v3="21" />
            <face v1="23" v2="22" v3="24" />
            <face v1="22" v2="23" v3="25" />
            <face v1="25" v2="23" v3="26" />
            <face v1="25" v2="26" v3="27" />
            <face v1="28" v2="29" v3="30" />
            <face v1="29" v2="28" v3="31" />
            <face v1="33" v2="32" v3="34" />
            <face v1="32" v2="33" v3="35" />
            <face v1="36" v2="37" v3="38" />
            <face v1="37" v2="36" v3="39" />
            <face v1="41" v2="40" v3="42" />
            <face v1="40" v2="41" v3="43" />
            <face v1="44" v2="45" v3="46" />
            <face v1="45" v2="44" v3="47" />
            <face v1="49" v2="48" v3="50" />
            <face v1="48" v2="49" v3="51" />
            <face v1="52" v2="53" v3="54" />
            <face v1="53" v2="52" v3="55" />
            <face v1="57" v2="56" v3="58" />
            <face v1="56" v2="57" v3="59" />
            <face v1="60" v2="61" v3="62" />
            <face v1="64" v2="63" v3="65" />
            <face v1="66" v2="67" v3="68" />
            <face v1="67" v2="66" v3="69" />
            <face v1="71" v2="70" v3="72" />
            <face v1="70" v2="71" v3="73" />
            <face v1="74" v2="75" v3="76" />
            <face v1="78" v2="77" v3="79" />
            <face v1="80" v2="81" v3="82" />
            <face v1="81" v2="80" v3="83" />
            <face v1="85" v2="84" v3="86" />
            <face v1="84" v2="85" v3="87" />
            <face v1="88" v2="89" v3="90" />
            <face v1="92" v2="91" v3="93" />
            <face v1="94" v2="95" v3="96" />
            <face v1="95" v2="94" v3="97" />
            <face v1="99" v2="98" v3="100" />
            <face v1="98" v2="99" v3="101" />
            <face v1="102" v2="103" v3="104" />
            <face v1="103" v2="102" v3="105" />
            <face v1="107" v2="106" v3="108" />
            <face v1="106" v2="107" v3="109" />
            <face v1="110" v2="111" v3="112" />
            <face v1="111" v2="110" v3="113" />
            <face v1="115" v2="114" v3="116" />
            <face v1="114" v2="115" v3="117" />
            <face v1="118" v2="119" v3="120" />
            <face v1="119" v2="118" v3="121" />
            <face v1="123" v2="122" v3="124" />
            <face v1="122" v2="123" v3="125" />
            <face v1="126" v2="127" v3="128" />
            <face v1="127" v2="126" v3="129" />
            <face v1="127" v2="129" v3="130" />
            <face v1="130" v2="129" v3="131" />
            <face v1="133" v2="132" v3="134" />
            <face v1="132" v2="133" v3="135" />
            <face v1="135" v2="133" v3="136" />
            <face v1="135" v2="136" v3="137" />
            <face v1="138" v2="139" v3="140" />
            <face v1="142" v2="141" v3="143" />
            <face v1="144" v2="145" v3="146" />
            <face v1="145" v2="144" v3="147" />
            <face v1="149" v2="148" v3="150" />
            <face v1="148" v2="149" v3="151" />
            <face v1="152" v2="153" v3="154" />
            <face v1="153" v2="152" v3="155" />
            <face v1="157" v2="156" v3="158" />
            <face v1="156" v2="157" v3="159" />
            <face v1="160" v2="161" v3="162" />
            <face v1="161" v2="160" v3="163" />
            <face v1="165" v2="164" v3="166" />
            <face v1="164" v2="165" v3="167" />
            <face v1="168" v2="169" v3="170" />
            <face v1="169" v2="168" v3="171" />
            <face v1="173" v2="172" v3="174" />
            <face v1="172" v2="173" v3="175" />
            <face v1="176" v2="177" v3="178" />
            <face v1="177" v2="176" v3="179" />
            <face v1="181" v2="180" v3="182" />
            <face v1="180" v2="181" v3="183" />
            <face v1="184" v2="185" v3="186" />
            <face v1="185" v2="184" v3="187" />
            <face v1="189" v2="188" v3="190" />
            <face v1="188" v2="189" v3="191" />
            <face v1="192" v2="193" v3="194" />
            <face v1="196" v2="195" v3="197" />
            <face v1="198" v2="199" v3="200" />
            <face v1="202" v2="201" v3="203" />
            <face v1="204" v2="205" v3="206" />
            <face v1="208" v2="207" v3="209" />
            <face v1="210" v2="211" v3="212" />
            <face v1="214" v2="213" v3="215" />
         </faces>
         <geometry vertexcount="216">
            <vertexbuffer positions="true" normals="true" colours_diffuse="false"  >
               <vertex>
                  <position x="4.5" y="2.25000000000001" z="-15.75" />
                  <normal x="0.707106781186544" y="-0.707106781186551" z="-0.0" />
               </vertex>
               <vertex>
                  <position x="4.5" y="3.75" z="-5.19615242270663" />
                  <normal x="0.707106781186547" y="0.707106781186547" z="-0.0" />
               </vertex>
               <vertex>
                  <position x="4.5" y="2.25" z="-5.19615242270663" />
                  <normal x="0.707106781186547" y="-0.707106781186548" z="-0.0" />
               </vertex>
               <vertex>
                  <position x="4.5" y="3.75" z="-15.75" />
                  <normal x="0.707106781186551" y="0.707106781186544" z="-0.0" />
               </vertex>
               <vertex>
                  <position x="4.5" y="2.25000000000001" z="-15.75" />
                  <normal x="-0.707106781186544" y="0.707106781186551" z="0.0" />
               </vertex>
               <vertex>
                  <position x="4.5" y="3.75" z="-5.19615242270663" />
                  <normal x="-0.707106781186547" y="-0.707106781186547" z="0.0" />
               </vertex>
               <vertex>
                  <position x="4.5" y="2.25" z="-5.19615242270663" />
                  <normal x="-0.707106781186547" y="0.707106781186548" z="0.0" />
               </vertex>
               <vertex>
                  <position x="4.5" y="3.75" z="-15.75" />
                  <normal x="-0.707106781186551" y="-0.707106781186544" z="0.0" />
               </vertex>
               <vertex>
                  <position x="4.5" y="0.0" z="-0.0" />
                  <normal x="0.396202907846531" y="-0.609994281330419" z="0.686243566496721" />
               </vertex>
               <vertex>
                  <position x="1.5" y="2.25" z="-3.33066907387547e-016" />
                  <normal x="-0.412618311823954" y="0.515694921734091" z="0.750869413710014" />
               </vertex>
               <vertex>
                  <position x="1.5" y="-1.66533453693773e-016" z="-3.33066907387547e-016" />
                  <normal x="-0.396202907846531" y="-0.609994281330419" z="0.686243566496721" />
               </vertex>
               <vertex>
                  <position x="4.5" y="2.25" z="6.66133814775094e-016" />
                  <normal x="0.412618311823954" y="0.515694921734091" z="0.750869413710014" />
               </vertex>
               <vertex>
                  <position x="4.5" y="0.0" z="-0.0" />
                  <normal x="-0.396202907846531" y="0.609994281330419" z="-0.686243566496721" />
               </vertex>
               <vertex>
                  <position x="1.5" y="2.25" z="-3.33066907387547e-016" />
                  <normal x="0.412618311823954" y="-0.515694921734091" z="-0.750869413710014" />
               </vertex>
               <vertex>
                  <position x="1.5" y="-1.66533453693773e-016" z="-3.33066907387547e-016" />
                  <normal x="0.396202907846531" y="0.609994281330419" z="-0.686243566496721" />
               </vertex>
               <vertex>
                  <position x="4.5" y="2.25" z="6.66133814775094e-016" />
                  <normal x="-0.412618311823954" y="-0.515694921734091" z="-0.750869413710014" />
               </vertex>
               <vertex>
                  <position x="1.5" y="-1.66533453693773e-016" z="-5.19615242270663" />
                  <normal x="-0.396202907846531" y="-0.609994281330419" z="-0.686243566496721" />
               </vertex>
               <vertex>
                  <position x="1.5" y="-1.66533453693773e-016" z="-3.33066907387547e-016" />
                  <normal x="-0.396202907846531" y="-0.609994281330419" z="0.686243566496721" />
               </vertex>
               <vertex>
                  <position x="0.0" y="0.0" z="-2.59807621135332" />
                  <normal x="-0.792405815693061" y="-0.609994281330419" z="1.61676680595953e-016" />
               </vertex>
               <vertex>
                  <position x="4.5" y="4.9960036108132e-016" z="-5.19615242270663" />
                  <normal x="0.396202907846531" y="-0.609994281330418" z="-0.686243566496721" />
               </vertex>
               <vertex>
                  <position x="4.5" y="0.0" z="-0.0" />
                  <normal x="0.396202907846531" y="-0.609994281330419" z="0.686243566496721" />
               </vertex>
               <vertex>
                  <position x="6.0" y="1.66533453693773e-016" z="-2.59807621135332" />
                  <normal x="0.792405815693061" y="-0.609994281330419" z="9.70060083575718e-017" />
               </vertex>
               <vertex>
                  <position x="1.5" y="-1.66533453693773e-016" z="-5.19615242270663" />
                  <normal x="0.396202907846531" y="0.609994281330419" z="0.686243566496721" />
               </vertex>
               <vertex>
                  <position x="1.5" y="-1.66533453693773e-016" z="-3.33066907387547e-016" />
                  <normal x="0.396202907846531" y="0.609994281330419" z="-0.686243566496721" />
               </vertex>
               <vertex>
                  <position x="0.0" y="0.0" z="-2.59807621135332" />
                  <normal x="0.792405815693061" y="0.609994281330419" z="-1.61676680595953e-016" />
               </vertex>
               <vertex>
                  <position x="4.5" y="4.9960036108132e-016" z="-5.19615242270663" />
                  <normal x="-0.396202907846531" y="0.609994281330418" z="0.686243566496721" />
               </vertex>
               <vertex>
                  <position x="4.5" y="0.0" z="-0.0" />
                  <normal x="-0.396202907846531" y="0.609994281330419" z="-0.686243566496721" />
               </vertex>
               <vertex>
                  <position x="6.0" y="1.66533453693773e-016" z="-2.59807621135332" />
                  <normal x="-0.792405815693061" y="0.609994281330419" z="-9.70060083575718e-017" />
               </vertex>
               <vertex>
                  <position x="4.5" y="2.25000000000001" z="-15.75" />
                  <normal x="0.707106781186544" y="-0.707106781186551" z="-0.0" />
               </vertex>
               <vertex>
                  <position x="1.5" y="2.25" z="-5.19615242270663" />
                  <normal x="-0.707106781186547" y="-0.707106781186548" z="-0.0" />
               </vertex>
               <vertex>
                  <position x="1.5" y="2.25000000000001" z="-15.75" />
                  <normal x="-0.707106781186544" y="-0.707106781186551" z="-0.0" />
               </vertex>
               <vertex>
                  <position x="4.5" y="2.25" z="-5.19615242270663" />
                  <normal x="0.707106781186547" y="-0.707106781186548" z="-0.0" />
               </vertex>
               <vertex>
                  <position x="4.5" y="2.25000000000001" z="-15.75" />
                  <normal x="-0.707106781186544" y="0.707106781186551" z="0.0" />
               </vertex>
               <vertex>
                  <position x="1.5" y="2.25" z="-5.19615242270663" />
                  <normal x="0.707106781186547" y="0.707106781186548" z="0.0" />
               </vertex>
               <vertex>
                  <position x="1.5" y="2.25000000000001" z="-15.75" />
                  <normal x="0.707106781186544" y="0.707106781186551" z="0.0" />
               </vertex>
               <vertex>
                  <position x="4.5" y="2.25" z="-5.19615242270663" />
                  <normal x="-0.707106781186547" y="0.707106781186548" z="0.0" />
               </vertex>
               <vertex>
                  <position x="4.5" y="3.75" z="-5.19615242270663" />
                  <normal x="0.707106781186547" y="0.707106781186547" z="-0.0" />
               </vertex>
               <vertex>
                  <position x="1.5" y="3.75" z="-15.75" />
                  <normal x="-0.707106781186551" y="0.707106781186544" z="-0.0" />
               </vertex>
               <vertex>
                  <position x="1.5" y="3.75" z="-5.19615242270663" />
                  <normal x="-0.707106781186547" y="0.707106781186548" z="-0.0" />
               </vertex>
               <vertex>
                  <position x="4.5" y="3.75" z="-15.75" />
                  <normal x="0.707106781186551" y="0.707106781186544" z="-0.0" />
               </vertex>
               <vertex>
                  <position x="4.5" y="3.75" z="-5.19615242270663" />
                  <normal x="-0.707106781186547" y="-0.707106781186547" z="0.0" />
               </vertex>
               <vertex>
                  <position x="1.5" y="3.75" z="-15.75" />
                  <normal x="0.707106781186551" y="-0.707106781186544" z="0.0" />
               </vertex>
               <vertex>
                  <position x="1.5" y="3.75" z="-5.19615242270663" />
                  <normal x="0.707106781186547" y="-0.707106781186548" z="0.0" />
               </vertex>
               <vertex>
                  <position x="4.5" y="3.75" z="-15.75" />
                  <normal x="-0.707106781186551" y="-0.707106781186544" z="0.0" />
               </vertex>
               <vertex>
                  <position x="4.5" y="2.25000000000001" z="-15.75" />
                  <normal x="0.500000000000001" y="0.0" z="0.866025403784438" />
               </vertex>
               <vertex>
                  <position x="1.5" y="-1.49880108324396e-015" z="-15.75" />
                  <normal x="-0.396202907846529" y="-0.60999428133042" z="0.686243566496721" />
               </vertex>
               <vertex>
                  <position x="4.5" y="-1.49880108324396e-015" z="-15.75" />
                  <normal x="0.396202907846529" y="-0.60999428133042" z="0.686243566496721" />
               </vertex>
               <vertex>
                  <position x="1.5" y="2.25000000000001" z="-15.75" />
                  <normal x="-0.500000000000001" y="0.0" z="0.866025403784438" />
               </vertex>
               <vertex>
                  <position x="4.5" y="2.25000000000001" z="-15.75" />
                  <normal x="-0.500000000000001" y="-0.0" z="-0.866025403784438" />
               </vertex>
               <vertex>
                  <position x="1.5" y="-1.49880108324396e-015" z="-15.75" />
                  <normal x="0.396202907846529" y="0.60999428133042" z="-0.686243566496721" />
               </vertex>
               <vertex>
                  <position x="4.5" y="-1.49880108324396e-015" z="-15.75" />
                  <normal x="-0.396202907846529" y="0.60999428133042" z="-0.686243566496721" />
               </vertex>
               <vertex>
                  <position x="1.5" y="2.25000000000001" z="-15.75" />
                  <normal x="0.500000000000001" y="-0.0" z="-0.866025403784438" />
               </vertex>
               <vertex>
                  <position x="1.5" y="3.75" z="-15.75" />
                  <normal x="-0.707106781186551" y="0.707106781186544" z="-0.0" />
               </vertex>
               <vertex>
                  <position x="1.5" y="2.25" z="-5.19615242270663" />
                  <normal x="-0.707106781186547" y="-0.707106781186548" z="-0.0" />
               </vertex>
               <vertex>
                  <position x="1.5" y="3.75" z="-5.19615242270663" />
                  <normal x="-0.707106781186547" y="0.707106781186548" z="-0.0" />
               </vertex>
               <vertex>
                  <position x="1.5" y="2.25000000000001" z="-15.75" />
                  <normal x="-0.707106781186544" y="-0.707106781186551" z="-0.0" />
               </vertex>
               <vertex>
                  <position x="1.5" y="3.75" z="-15.75" />
                  <normal x="0.707106781186551" y="-0.707106781186544" z="0.0" />
               </vertex>
               <vertex>
                  <position x="1.5" y="2.25" z="-5.19615242270663" />
                  <normal x="0.707106781186547" y="0.707106781186548" z="0.0" />
               </vertex>
               <vertex>
                  <position x="1.5" y="3.75" z="-5.19615242270663" />
                  <normal x="0.707106781186547" y="-0.707106781186548" z="0.0" />
               </vertex>
               <vertex>
                  <position x="1.5" y="2.25000000000001" z="-15.75" />
                  <normal x="0.707106781186544" y="0.707106781186551" z="0.0" />
               </vertex>
               <vertex>
                  <position x="1.5" y="2.25" z="-20.9461524227066" />
                  <normal x="-0.412618311823954" y="0.51569492173409" z="-0.750869413710014" />
               </vertex>
               <vertex>
                  <position x="0.0" y="2.25" z="-18.3480762113533" />
                  <normal x="-0.913446830793262" y="0.402027376951177" z="-0.0631575450401784" />
               </vertex>
               <vertex>
                  <position x="1.5" y="3.75" z="-15.75" />
                  <normal x="-0.51717098475808" y="0.855866380110277" z="-0.00518767012141508" />
               </vertex>
               <vertex>
                  <position x="1.5" y="2.25" z="-20.9461524227066" />
                  <normal x="0.412618311823954" y="-0.51569492173409" z="0.750869413710014" />
               </vertex>
               <vertex>
                  <position x="0.0" y="2.25" z="-18.3480762113533" />
                  <normal x="0.913446830793262" y="-0.402027376951177" z="0.0631575450401784" />
               </vertex>
               <vertex>
                  <position x="1.5" y="3.75" z="-15.75" />
                  <normal x="0.51717098475808" y="-0.855866380110277" z="0.00518767012141508" />
               </vertex>
               <vertex>
                  <position x="1.5" y="2.25" z="-20.9461524227066" />
                  <normal x="-0.412618311823954" y="0.51569492173409" z="-0.750869413710014" />
               </vertex>
               <vertex>
                  <position x="0.0" y="1.18238752122579e-014" z="-18.3480762113533" />
                  <normal x="-0.792405815693062" y="-0.609994281330418" z="-1.00239541969491e-015" />
               </vertex>
               <vertex>
                  <position x="0.0" y="2.25" z="-18.3480762113533" />
                  <normal x="-0.913446830793262" y="0.402027376951177" z="-0.0631575450401784" />
               </vertex>
               <vertex>
                  <position x="1.5" y="-1.08246744900953e-014" z="-20.9461524227067" />
                  <normal x="-0.396202907846529" y="-0.60999428133042" z="-0.686243566496721" />
               </vertex>
               <vertex>
                  <position x="1.5" y="2.25" z="-20.9461524227066" />
                  <normal x="0.412618311823954" y="-0.51569492173409" z="0.750869413710014" />
               </vertex>
               <vertex>
                  <position x="0.0" y="1.18238752122579e-014" z="-18.3480762113533" />
                  <normal x="0.792405815693062" y="0.609994281330418" z="1.00239541969491e-015" />
               </vertex>
               <vertex>
                  <position x="0.0" y="2.25" z="-18.3480762113533" />
                  <normal x="0.913446830793262" y="-0.402027376951177" z="0.0631575450401784" />
               </vertex>
               <vertex>
                  <position x="1.5" y="-1.08246744900953e-014" z="-20.9461524227067" />
                  <normal x="0.396202907846529" y="0.60999428133042" z="0.686243566496721" />
               </vertex>
               <vertex>
                  <position x="0.0" y="2.25" z="-18.3480762113533" />
                  <normal x="-0.913446830793262" y="0.402027376951177" z="-0.0631575450401784" />
               </vertex>
               <vertex>
                  <position x="1.5" y="2.25000000000001" z="-15.75" />
                  <normal x="-0.866025403784439" y="0.0" z="0.5" />
               </vertex>
               <vertex>
                  <position x="1.5" y="3.75" z="-15.75" />
                  <normal x="-0.51717098475808" y="0.855866380110277" z="-0.00518767012141508" />
               </vertex>
               <vertex>
                  <position x="0.0" y="2.25" z="-18.3480762113533" />
                  <normal x="0.913446830793262" y="-0.402027376951177" z="0.0631575450401784" />
               </vertex>
               <vertex>
                  <position x="1.5" y="2.25000000000001" z="-15.75" />
                  <normal x="0.866025403784439" y="-0.0" z="-0.5" />
               </vertex>
               <vertex>
                  <position x="1.5" y="3.75" z="-15.75" />
                  <normal x="0.51717098475808" y="-0.855866380110277" z="0.00518767012141508" />
               </vertex>
               <vertex>
                  <position x="4.5" y="3.75" z="-15.75" />
                  <normal x="0.51717098475808" y="0.855866380110277" z="-0.00518767012141508" />
               </vertex>
               <vertex>
                  <position x="1.5" y="2.25" z="-20.9461524227066" />
                  <normal x="-0.412618311823954" y="0.51569492173409" z="-0.750869413710014" />
               </vertex>
               <vertex>
                  <position x="1.5" y="3.75" z="-15.75" />
                  <normal x="-0.51717098475808" y="0.855866380110277" z="-0.00518767012141508" />
               </vertex>
               <vertex>
                  <position x="4.5" y="2.25" z="-20.9461524227066" />
                  <normal x="0.412618311823954" y="0.51569492173409" z="-0.750869413710014" />
               </vertex>
               <vertex>
                  <position x="4.5" y="3.75" z="-15.75" />
                  <normal x="-0.51717098475808" y="-0.855866380110277" z="0.00518767012141508" />
               </vertex>
               <vertex>
                  <position x="1.5" y="2.25" z="-20.9461524227066" />
                  <normal x="0.412618311823954" y="-0.51569492173409" z="0.750869413710014" />
               </vertex>
               <vertex>
                  <position x="1.5" y="3.75" z="-15.75" />
                  <normal x="0.51717098475808" y="-0.855866380110277" z="0.00518767012141508" />
               </vertex>
               <vertex>
                  <position x="4.5" y="2.25" z="-20.9461524227066" />
                  <normal x="-0.412618311823954" y="-0.51569492173409" z="0.750869413710014" />
               </vertex>
               <vertex>
                  <position x="6.0" y="2.25" z="-18.3480762113533" />
                  <normal x="0.913446830793262" y="0.402027376951177" z="-0.0631575450401784" />
               </vertex>
               <vertex>
                  <position x="4.5" y="2.25" z="-20.9461524227066" />
                  <normal x="0.412618311823954" y="0.51569492173409" z="-0.750869413710014" />
               </vertex>
               <vertex>
                  <position x="4.5" y="3.75" z="-15.75" />
                  <normal x="0.51717098475808" y="0.855866380110277" z="-0.00518767012141508" />
               </vertex>
               <vertex>
                  <position x="6.0" y="2.25" z="-18.3480762113533" />
                  <normal x="-0.913446830793262" y="-0.402027376951177" z="0.0631575450401784" />
               </vertex>
               <vertex>
                  <position x="4.5" y="2.25" z="-20.9461524227066" />
                  <normal x="-0.412618311823954" y="-0.51569492173409" z="0.750869413710014" />
               </vertex>
               <vertex>
                  <position x="4.5" y="3.75" z="-15.75" />
                  <normal x="-0.51717098475808" y="-0.855866380110277" z="0.00518767012141508" />
               </vertex>
               <vertex>
                  <position x="6.0" y="1.18238752122579e-014" z="-18.3480762113533" />
                  <normal x="0.792405815693062" y="-0.609994281330418" z="-1.00239541969491e-015" />
               </vertex>
               <vertex>
                  <position x="4.5" y="2.25000000000001" z="-15.75" />
                  <normal x="0.500000000000001" y="0.0" z="0.866025403784438" />
               </vertex>
               <vertex>
                  <position x="4.5" y="-1.49880108324396e-015" z="-15.75" />
                  <normal x="0.396202907846529" y="-0.60999428133042" z="0.686243566496721" />
               </vertex>
               <vertex>
                  <position x="6.0" y="2.25" z="-18.3480762113533" />
                  <normal x="0.913446830793262" y="0.402027376951177" z="-0.0631575450401784" />
               </vertex>
               <vertex>
                  <position x="6.0" y="1.18238752122579e-014" z="-18.3480762113533" />
                  <normal x="-0.792405815693062" y="0.609994281330418" z="1.00239541969491e-015" />
               </vertex>
               <vertex>
                  <position x="4.5" y="2.25000000000001" z="-15.75" />
                  <normal x="-0.500000000000001" y="-0.0" z="-0.866025403784438" />
               </vertex>
               <vertex>
                  <position x="4.5" y="-1.49880108324396e-015" z="-15.75" />
                  <normal x="-0.396202907846529" y="0.60999428133042" z="-0.686243566496721" />
               </vertex>
               <vertex>
                  <position x="6.0" y="2.25" z="-18.3480762113533" />
                  <normal x="-0.913446830793262" y="-0.402027376951177" z="0.0631575450401784" />
               </vertex>
               <vertex>
                  <position x="1.5" y="2.25000000000001" z="-15.75" />
                  <normal x="-0.500000000000001" y="0.0" z="0.866025403784438" />
               </vertex>
               <vertex>
                  <position x="0.0" y="1.18238752122579e-014" z="-18.3480762113533" />
                  <normal x="-0.792405815693062" y="-0.609994281330418" z="-1.00239541969491e-015" />
               </vertex>
               <vertex>
                  <position x="1.5" y="-1.49880108324396e-015" z="-15.75" />
                  <normal x="-0.396202907846529" y="-0.60999428133042" z="0.686243566496721" />
               </vertex>
               <vertex>
                  <position x="0.0" y="2.25" z="-18.3480762113533" />
                  <normal x="-0.913446830793262" y="0.402027376951177" z="-0.0631575450401784" />
               </vertex>
               <vertex>
                  <position x="1.5" y="2.25000000000001" z="-15.75" />
                  <normal x="0.500000000000001" y="-0.0" z="-0.866025403784438" />
               </vertex>
               <vertex>
                  <position x="0.0" y="1.18238752122579e-014" z="-18.3480762113533" />
                  <normal x="0.792405815693062" y="0.609994281330418" z="1.00239541969491e-015" />
               </vertex>
               <vertex>
                  <position x="1.5" y="-1.49880108324396e-015" z="-15.75" />
                  <normal x="0.396202907846529" y="0.60999428133042" z="-0.686243566496721" />
               </vertex>
               <vertex>
                  <position x="0.0" y="2.25" z="-18.3480762113533" />
                  <normal x="0.913446830793262" y="-0.402027376951177" z="0.0631575450401784" />
               </vertex>
               <vertex>
                  <position x="1.5" y="2.25" z="-20.9461524227066" />
                  <normal x="-0.412618311823954" y="0.51569492173409" z="-0.750869413710014" />
               </vertex>
               <vertex>
                  <position x="4.5" y="-1.08246744900953e-014" z="-20.9461524227067" />
                  <normal x="0.396202907846529" y="-0.60999428133042" z="-0.686243566496721" />
               </vertex>
               <vertex>
                  <position x="1.5" y="-1.08246744900953e-014" z="-20.9461524227067" />
                  <normal x="-0.396202907846529" y="-0.60999428133042" z="-0.686243566496721" />
               </vertex>
               <vertex>
                  <position x="4.5" y="2.25" z="-20.9461524227066" />
                  <normal x="0.412618311823954" y="0.51569492173409" z="-0.750869413710014" />
               </vertex>
               <vertex>
                  <position x="1.5" y="2.25" z="-20.9461524227066" />
                  <normal x="0.412618311823954" y="-0.51569492173409" z="0.750869413710014" />
               </vertex>
               <vertex>
                  <position x="4.5" y="-1.08246744900953e-014" z="-20.9461524227067" />
                  <normal x="-0.396202907846529" y="0.60999428133042" z="0.686243566496721" />
               </vertex>
               <vertex>
                  <position x="1.5" y="-1.08246744900953e-014" z="-20.9461524227067" />
                  <normal x="0.396202907846529" y="0.60999428133042" z="0.686243566496721" />
               </vertex>
               <vertex>
                  <position x="4.5" y="2.25" z="-20.9461524227066" />
                  <normal x="-0.412618311823954" y="-0.51569492173409" z="0.750869413710014" />
               </vertex>
               <vertex>
                  <position x="6.0" y="1.18238752122579e-014" z="-18.3480762113533" />
                  <normal x="0.792405815693062" y="-0.609994281330418" z="-1.00239541969491e-015" />
               </vertex>
               <vertex>
                  <position x="4.5" y="2.25" z="-20.9461524227066" />
                  <normal x="0.412618311823954" y="0.51569492173409" z="-0.750869413710014" />
               </vertex>
               <vertex>
                  <position x="6.0" y="2.25" z="-18.3480762113533" />
                  <normal x="0.913446830793262" y="0.402027376951177" z="-0.0631575450401784" />
               </vertex>
               <vertex>
                  <position x="4.5" y="-1.08246744900953e-014" z="-20.9461524227067" />
                  <normal x="0.396202907846529" y="-0.60999428133042" z="-0.686243566496721" />
               </vertex>
               <vertex>
                  <position x="6.0" y="1.18238752122579e-014" z="-18.3480762113533" />
                  <normal x="-0.792405815693062" y="0.609994281330418" z="1.00239541969491e-015" />
               </vertex>
               <vertex>
                  <position x="4.5" y="2.25" z="-20.9461524227066" />
                  <normal x="-0.412618311823954" y="-0.51569492173409" z="0.750869413710014" />
               </vertex>
               <vertex>
                  <position x="6.0" y="2.25" z="-18.3480762113533" />
                  <normal x="-0.913446830793262" y="-0.402027376951177" z="0.0631575450401784" />
               </vertex>
               <vertex>
                  <position x="4.5" y="-1.08246744900953e-014" z="-20.9461524227067" />
                  <normal x="-0.396202907846529" y="0.60999428133042" z="0.686243566496721" />
               </vertex>
               <vertex>
                  <position x="1.5" y="-1.08246744900953e-014" z="-20.9461524227067" />
                  <normal x="-0.396202907846529" y="-0.60999428133042" z="-0.686243566496721" />
               </vertex>
               <vertex>
                  <position x="1.5" y="-1.49880108324396e-015" z="-15.75" />
                  <normal x="-0.396202907846529" y="-0.60999428133042" z="0.686243566496721" />
               </vertex>
               <vertex>
                  <position x="0.0" y="1.18238752122579e-014" z="-18.3480762113533" />
                  <normal x="-0.792405815693062" y="-0.609994281330418" z="-1.00239541969491e-015" />
               </vertex>
               <vertex>
                  <position x="4.5" y="-1.08246744900953e-014" z="-20.9461524227067" />
                  <normal x="0.396202907846529" y="-0.60999428133042" z="-0.686243566496721" />
               </vertex>
               <vertex>
                  <position x="4.5" y="-1.49880108324396e-015" z="-15.75" />
                  <normal x="0.396202907846529" y="-0.60999428133042" z="0.686243566496721" />
               </vertex>
               <vertex>
                  <position x="6.0" y="1.18238752122579e-014" z="-18.3480762113533" />
                  <normal x="0.792405815693062" y="-0.609994281330418" z="-1.00239541969491e-015" />
               </vertex>
               <vertex>
                  <position x="1.5" y="-1.08246744900953e-014" z="-20.9461524227067" />
                  <normal x="0.396202907846529" y="0.60999428133042" z="0.686243566496721" />
               </vertex>
               <vertex>
                  <position x="1.5" y="-1.49880108324396e-015" z="-15.75" />
                  <normal x="0.396202907846529" y="0.60999428133042" z="-0.686243566496721" />
               </vertex>
               <vertex>
                  <position x="0.0" y="1.18238752122579e-014" z="-18.3480762113533" />
                  <normal x="0.792405815693062" y="0.609994281330418" z="1.00239541969491e-015" />
               </vertex>
               <vertex>
                  <position x="4.5" y="-1.08246744900953e-014" z="-20.9461524227067" />
                  <normal x="-0.396202907846529" y="0.60999428133042" z="0.686243566496721" />
               </vertex>
               <vertex>
                  <position x="4.5" y="-1.49880108324396e-015" z="-15.75" />
                  <normal x="-0.396202907846529" y="0.60999428133042" z="-0.686243566496721" />
               </vertex>
               <vertex>
                  <position x="6.0" y="1.18238752122579e-014" z="-18.3480762113533" />
                  <normal x="-0.792405815693062" y="0.609994281330418" z="1.00239541969491e-015" />
               </vertex>
               <vertex>
                  <position x="4.5" y="3.75" z="-5.19615242270663" />
                  <normal x="0.517170984758084" y="0.855866380110275" z="0.00518767012141234" />
               </vertex>
               <vertex>
                  <position x="6.0" y="2.25" z="-2.59807621135332" />
                  <normal x="0.913446830793262" y="0.402027376951176" z="0.0631575450401789" />
               </vertex>
               <vertex>
                  <position x="4.5" y="2.25" z="-5.19615242270663" />
                  <normal x="0.866025403784439" y="0.0" z="-0.5" />
               </vertex>
               <vertex>
                  <position x="4.5" y="3.75" z="-5.19615242270663" />
                  <normal x="-0.517170984758084" y="-0.855866380110275" z="-0.00518767012141234" />
               </vertex>
               <vertex>
                  <position x="6.0" y="2.25" z="-2.59807621135332" />
                  <normal x="-0.913446830793262" y="-0.402027376951176" z="-0.0631575450401789" />
               </vertex>
               <vertex>
                  <position x="4.5" y="2.25" z="-5.19615242270663" />
                  <normal x="-0.866025403784439" y="-0.0" z="0.5" />
               </vertex>
               <vertex>
                  <position x="0.0" y="2.25" z="-2.59807621135332" />
                  <normal x="-0.913446830793262" y="0.402027376951176" z="0.0631575450401788" />
               </vertex>
               <vertex>
                  <position x="1.5" y="-1.66533453693773e-016" z="-5.19615242270663" />
                  <normal x="-0.396202907846531" y="-0.609994281330419" z="-0.686243566496721" />
               </vertex>
               <vertex>
                  <position x="0.0" y="0.0" z="-2.59807621135332" />
                  <normal x="-0.792405815693061" y="-0.609994281330419" z="1.61676680595953e-016" />
               </vertex>
               <vertex>
                  <position x="1.5" y="2.25" z="-5.19615242270663" />
                  <normal x="-0.5" y="0.0" z="-0.866025403784439" />
               </vertex>
               <vertex>
                  <position x="0.0" y="2.25" z="-2.59807621135332" />
                  <normal x="0.913446830793262" y="-0.402027376951176" z="-0.0631575450401788" />
               </vertex>
               <vertex>
                  <position x="1.5" y="-1.66533453693773e-016" z="-5.19615242270663" />
                  <normal x="0.396202907846531" y="0.609994281330419" z="0.686243566496721" />
               </vertex>
               <vertex>
                  <position x="0.0" y="0.0" z="-2.59807621135332" />
                  <normal x="0.792405815693061" y="0.609994281330419" z="-1.61676680595953e-016" />
               </vertex>
               <vertex>
                  <position x="1.5" y="2.25" z="-5.19615242270663" />
                  <normal x="0.5" y="-0.0" z="0.866025403784439" />
               </vertex>
               <vertex>
                  <position x="4.5" y="0.0" z="-0.0" />
                  <normal x="0.396202907846531" y="-0.609994281330419" z="0.686243566496721" />
               </vertex>
               <vertex>
                  <position x="6.0" y="2.25" z="-2.59807621135332" />
                  <normal x="0.913446830793262" y="0.402027376951176" z="0.0631575450401789" />
               </vertex>
               <vertex>
                  <position x="4.5" y="2.25" z="6.66133814775094e-016" />
                  <normal x="0.412618311823954" y="0.515694921734091" z="0.750869413710014" />
               </vertex>
               <vertex>
                  <position x="6.0" y="1.66533453693773e-016" z="-2.59807621135332" />
                  <normal x="0.792405815693061" y="-0.609994281330419" z="9.70060083575718e-017" />
               </vertex>
               <vertex>
                  <position x="4.5" y="0.0" z="-0.0" />
                  <normal x="-0.396202907846531" y="0.609994281330419" z="-0.686243566496721" />
               </vertex>
               <vertex>
                  <position x="6.0" y="2.25" z="-2.59807621135332" />
                  <normal x="-0.913446830793262" y="-0.402027376951176" z="-0.0631575450401789" />
               </vertex>
               <vertex>
                  <position x="4.5" y="2.25" z="6.66133814775094e-016" />
                  <normal x="-0.412618311823954" y="-0.515694921734091" z="-0.750869413710014" />
               </vertex>
               <vertex>
                  <position x="6.0" y="1.66533453693773e-016" z="-2.59807621135332" />
                  <normal x="-0.792405815693061" y="0.609994281330419" z="-9.70060083575718e-017" />
               </vertex>
               <vertex>
                  <position x="0.0" y="2.25" z="-2.59807621135332" />
                  <normal x="-0.913446830793262" y="0.402027376951176" z="0.0631575450401788" />
               </vertex>
               <vertex>
                  <position x="1.5" y="-1.66533453693773e-016" z="-3.33066907387547e-016" />
                  <normal x="-0.396202907846531" y="-0.609994281330419" z="0.686243566496721" />
               </vertex>
               <vertex>
                  <position x="1.5" y="2.25" z="-3.33066907387547e-016" />
                  <normal x="-0.412618311823954" y="0.515694921734091" z="0.750869413710014" />
               </vertex>
               <vertex>
                  <position x="0.0" y="0.0" z="-2.59807621135332" />
                  <normal x="-0.792405815693061" y="-0.609994281330419" z="1.61676680595953e-016" />
               </vertex>
               <vertex>
                  <position x="0.0" y="2.25" z="-2.59807621135332" />
                  <normal x="0.913446830793262" y="-0.402027376951176" z="-0.0631575450401788" />
               </vertex>
               <vertex>
                  <position x="1.5" y="-1.66533453693773e-016" z="-3.33066907387547e-016" />
                  <normal x="0.396202907846531" y="0.609994281330419" z="-0.686243566496721" />
               </vertex>
               <vertex>
                  <position x="1.5" y="2.25" z="-3.33066907387547e-016" />
                  <normal x="0.412618311823954" y="-0.515694921734091" z="-0.750869413710014" />
               </vertex>
               <vertex>
                  <position x="0.0" y="0.0" z="-2.59807621135332" />
                  <normal x="0.792405815693061" y="0.609994281330419" z="-1.61676680595953e-016" />
               </vertex>
               <vertex>
                  <position x="1.5" y="2.25" z="-5.19615242270663" />
                  <normal x="-0.5" y="0.0" z="-0.866025403784439" />
               </vertex>
               <vertex>
                  <position x="4.5" y="4.9960036108132e-016" z="-5.19615242270663" />
                  <normal x="0.396202907846531" y="-0.609994281330418" z="-0.686243566496721" />
               </vertex>
               <vertex>
                  <position x="1.5" y="-1.66533453693773e-016" z="-5.19615242270663" />
                  <normal x="-0.396202907846531" y="-0.609994281330419" z="-0.686243566496721" />
               </vertex>
               <vertex>
                  <position x="4.5" y="2.25" z="-5.19615242270663" />
                  <normal x="0.5" y="0.0" z="-0.866025403784439" />
               </vertex>
               <vertex>
                  <position x="1.5" y="2.25" z="-5.19615242270663" />
                  <normal x="0.5" y="-0.0" z="0.866025403784439" />
               </vertex>
               <vertex>
                  <position x="4.5" y="4.9960036108132e-016" z="-5.19615242270663" />
                  <normal x="-0.396202907846531" y="0.609994281330418" z="0.686243566496721" />
               </vertex>
               <vertex>
                  <position x="1.5" y="-1.66533453693773e-016" z="-5.19615242270663" />
                  <normal x="0.396202907846531" y="0.609994281330419" z="0.686243566496721" />
               </vertex>
               <vertex>
                  <position x="4.5" y="2.25" z="-5.19615242270663" />
                  <normal x="-0.5" y="-0.0" z="0.866025403784439" />
               </vertex>
               <vertex>
                  <position x="4.5" y="4.9960036108132e-016" z="-5.19615242270663" />
                  <normal x="0.396202907846531" y="-0.609994281330418" z="-0.686243566496721" />
               </vertex>
               <vertex>
                  <position x="6.0" y="2.25" z="-2.59807621135332" />
                  <normal x="0.913446830793262" y="0.402027376951176" z="0.0631575450401789" />
               </vertex>
               <vertex>
                  <position x="6.0" y="1.66533453693773e-016" z="-2.59807621135332" />
                  <normal x="0.792405815693061" y="-0.609994281330419" z="9.70060083575718e-017" />
               </vertex>
               <vertex>
                  <position x="4.5" y="2.25" z="-5.19615242270663" />
                  <normal x="0.5" y="0.0" z="-0.866025403784439" />
               </vertex>
               <vertex>
                  <position x="4.5" y="4.9960036108132e-016" z="-5.19615242270663" />
                  <normal x="-0.396202907846531" y="0.609994281330418" z="0.686243566496721" />
               </vertex>
               <vertex>
                  <position x="6.0" y="2.25" z="-2.59807621135332" />
                  <normal x="-0.913446830793262" y="-0.402027376951176" z="-0.0631575450401789" />
               </vertex>
               <vertex>
                  <position x="6.0" y="1.66533453693773e-016" z="-2.59807621135332" />
                  <normal x="-0.792405815693061" y="0.609994281330419" z="-9.70060083575718e-017" />
               </vertex>
               <vertex>
                  <position x="4.5" y="2.25" z="-5.19615242270663" />
                  <normal x="-0.5" y="-0.0" z="0.866025403784439" />
               </vertex>
               <vertex>
                  <position x="4.5" y="2.25" z="6.66133814775094e-016" />
                  <normal x="0.412618311823954" y="0.515694921734091" z="0.750869413710014" />
               </vertex>
               <vertex>
                  <position x="1.5" y="3.75" z="-5.19615242270663" />
                  <normal x="-0.517170984758084" y="0.855866380110274" z="0.00518767012141227" />
               </vertex>
               <vertex>
                  <position x="1.5" y="2.25" z="-3.33066907387547e-016" />
                  <normal x="-0.412618311823954" y="0.515694921734091" z="0.750869413710014" />
               </vertex>
               <vertex>
                  <position x="4.5" y="3.75" z="-5.19615242270663" />
                  <normal x="0.517170984758084" y="0.855866380110275" z="0.00518767012141234" />
               </vertex>
               <vertex>
                  <position x="4.5" y="2.25" z="6.66133814775094e-016" />
                  <normal x="-0.412618311823954" y="-0.515694921734091" z="-0.750869413710014" />
               </vertex>
               <vertex>
                  <position x="1.5" y="3.75" z="-5.19615242270663" />
                  <normal x="0.517170984758084" y="-0.855866380110274" z="-0.00518767012141227" />
               </vertex>
               <vertex>
                  <position x="1.5" y="2.25" z="-3.33066907387547e-016" />
                  <normal x="0.412618311823954" y="-0.515694921734091" z="-0.750869413710014" />
               </vertex>
               <vertex>
                  <position x="4.5" y="3.75" z="-5.19615242270663" />
                  <normal x="-0.517170984758084" y="-0.855866380110275" z="-0.00518767012141234" />
               </vertex>
               <vertex>
                  <position x="6.0" y="2.25" z="-2.59807621135332" />
                  <normal x="0.913446830793262" y="0.402027376951176" z="0.0631575450401789" />
               </vertex>
               <vertex>
                  <position x="4.5" y="3.75" z="-5.19615242270663" />
                  <normal x="0.517170984758084" y="0.855866380110275" z="0.00518767012141234" />
               </vertex>
               <vertex>
                  <position x="4.5" y="2.25" z="6.66133814775094e-016" />
                  <normal x="0.412618311823954" y="0.515694921734091" z="0.750869413710014" />
               </vertex>
               <vertex>
                  <position x="6.0" y="2.25" z="-2.59807621135332" />
                  <normal x="-0.913446830793262" y="-0.402027376951176" z="-0.0631575450401789" />
               </vertex>
               <vertex>
                  <position x="4.5" y="3.75" z="-5.19615242270663" />
                  <normal x="-0.517170984758084" y="-0.855866380110275" z="-0.00518767012141234" />
               </vertex>
               <vertex>
                  <position x="4.5" y="2.25" z="6.66133814775094e-016" />
                  <normal x="-0.412618311823954" y="-0.515694921734091" z="-0.750869413710014" />
               </vertex>
               <vertex>
                  <position x="1.5" y="2.25" z="-5.19615242270663" />
                  <normal x="-0.866025403784439" y="0.0" z="-0.5" />
               </vertex>
               <vertex>
                  <position x="0.0" y="2.25" z="-2.59807621135332" />
                  <normal x="-0.913446830793262" y="0.402027376951176" z="0.0631575450401788" />
               </vertex>
               <vertex>
                  <position x="1.5" y="3.75" z="-5.19615242270663" />
                  <normal x="-0.517170984758084" y="0.855866380110274" z="0.00518767012141227" />
               </vertex>
               <vertex>
                  <position x="1.5" y="2.25" z="-5.19615242270663" />
                  <normal x="0.866025403784439" y="-0.0" z="0.5" />
               </vertex>
               <vertex>
                  <position x="0.0" y="2.25" z="-2.59807621135332" />
                  <normal x="0.913446830793262" y="-0.402027376951176" z="-0.0631575450401788" />
               </vertex>
               <vertex>
                  <position x="1.5" y="3.75" z="-5.19615242270663" />
                  <normal x="0.517170984758084" y="-0.855866380110274" z="-0.00518767012141227" />
               </vertex>
               <vertex>
                  <position x="6.0" y="2.25" z="-18.3480762113533" />
                  <normal x="0.913446830793262" y="0.402027376951177" z="-0.0631575450401784" />
               </vertex>
               <vertex>
                  <position x="4.5" y="3.75" z="-15.75" />
                  <normal x="0.51717098475808" y="0.855866380110277" z="-0.00518767012141508" />
               </vertex>
               <vertex>
                  <position x="4.5" y="2.25000000000001" z="-15.75" />
                  <normal x="0.866025403784439" y="0.0" z="0.5" />
               </vertex>
               <vertex>
                  <position x="6.0" y="2.25" z="-18.3480762113533" />
                  <normal x="-0.913446830793262" y="-0.402027376951177" z="0.0631575450401784" />
               </vertex>
               <vertex>
                  <position x="4.5" y="3.75" z="-15.75" />
                  <normal x="-0.51717098475808" y="-0.855866380110277" z="0.00518767012141508" />
               </vertex>
               <vertex>
                  <position x="4.5" y="2.25000000000001" z="-15.75" />
                  <normal x="-0.866025403784439" y="-0.0" z="-0.5" />
               </vertex>
               <vertex>
                  <position x="1.5" y="3.75" z="-5.19615242270663" />
                  <normal x="-0.517170984758084" y="0.855866380110274" z="0.00518767012141227" />
               </vertex>
               <vertex>
                  <position x="0.0" y="2.25" z="-2.59807621135332" />
                  <normal x="-0.913446830793262" y="0.402027376951176" z="0.0631575450401788" />
               </vertex>
               <vertex>
                  <position x="1.5" y="2.25" z="-3.33066907387547e-016" />
                  <normal x="-0.412618311823954" y="0.515694921734091" z="0.750869413710014" />
               </vertex>
               <vertex>
                  <position x="1.5" y="3.75" z="-5.19615242270663" />
                  <normal x="0.517170984758084" y="-0.855866380110274" z="-0.00518767012141227" />
               </vertex>
               <vertex>
                  <position x="0.0" y="2.25" z="-2.59807621135332" />
                  <normal x="0.913446830793262" y="-0.402027376951176" z="-0.0631575450401788" />
               </vertex>
               <vertex>
                  <position x="1.5" y="2.25" z="-3.33066907387547e-016" />
                  <normal x="0.412618311823954" y="-0.515694921734091" z="-0.750869413710014" />
               </vertex>
            </vertexbuffer>
         </geometry>
      </submesh>
   </submeshes>
</mesh>
