<mesh>
   <submeshes>
      <submesh material = "Textile_Floral_Browns" usesharedvertices="false" use32bitindexes="false">
         <faces count="32">
            <face v1="0" v2="1" v3="2" />
            <face v1="1" v2="0" v3="3" />
            <face v1="3" v2="0" v3="4" />
            <face v1="6" v2="5" v3="7" />
            <face v1="5" v2="6" v3="8" />
            <face v1="5" v2="8" v3="9" />
            <face v1="10" v2="11" v3="12" />
            <face v1="11" v2="10" v3="13" />
            <face v1="15" v2="14" v3="16" />
            <face v1="14" v2="15" v3="17" />
            <face v1="18" v2="19" v3="20" />
            <face v1="19" v2="18" v3="21" />
            <face v1="23" v2="22" v3="24" />
            <face v1="22" v2="23" v3="25" />
            <face v1="26" v2="27" v3="28" />
            <face v1="27" v2="26" v3="29" />
            <face v1="29" v2="26" v3="30" />
            <face v1="32" v2="31" v3="33" />
            <face v1="31" v2="32" v3="34" />
            <face v1="31" v2="34" v3="35" />
            <face v1="36" v2="37" v3="38" />
            <face v1="37" v2="36" v3="39" />
            <face v1="41" v2="40" v3="42" />
            <face v1="40" v2="41" v3="43" />
            <face v1="44" v2="45" v3="46" />
            <face v1="45" v2="44" v3="47" />
            <face v1="49" v2="48" v3="50" />
            <face v1="48" v2="49" v3="51" />
            <face v1="52" v2="53" v3="54" />
            <face v1="53" v2="52" v3="55" />
            <face v1="57" v2="56" v3="58" />
            <face v1="56" v2="57" v3="59" />
         </faces>
         <geometry vertexcount="60">
            <vertexbuffer positions="true" normals="true" colours_diffuse="false" texture_coords="1" texture_coord_dimensions_0="2" >
               <vertex>
                  <position x="28.5" y="3.0" z="-0.0" />
                  <normal x="0.577350269189626" y="0.577350269189626" z="0.577350269189626" />
                  <texcoord u="0.527777777777778" v="0.916666666666667" />
               </vertex>
               <vertex>
                  <position x="25.5" y="0.0" z="-0.0" />
                  <normal x="0.0" y="-0.707106781186547" z="0.707106781186547" />
                  <texcoord u="0.472222222222222" v="1.0" />
               </vertex>
               <vertex>
                  <position x="28.5" y="0.0" z="-0.0" />
                  <normal x="0.577350269189626" y="-0.577350269189626" z="0.577350269189626" />
                  <texcoord u="0.527777777777778" v="1.0" />
               </vertex>
               <vertex>
                  <position x="0.0" y="0.0" z="-0.0" />
                  <normal x="-0.904534033733291" y="-0.301511344577764" z="0.301511344577764" />
                  <texcoord u="0.0" v="1.0" />
               </vertex>
               <vertex>
                  <position x="0.0" y="3.0" z="-0.0" />
                  <normal x="-0.904534033733291" y="0.301511344577764" z="0.301511344577764" />
                  <texcoord u="0.0" v="0.916666666666667" />
               </vertex>
               <vertex>
                  <position x="28.5" y="3.0" z="-0.0" />
                  <normal x="-0.577350269189626" y="-0.577350269189626" z="-0.577350269189626" />
                  <texcoord u="0.527777777777778" v="0.916666666666667" />
               </vertex>
               <vertex>
                  <position x="25.5" y="0.0" z="-0.0" />
                  <normal x="-0.0" y="0.707106781186547" z="-0.707106781186547" />
                  <texcoord u="0.472222222222222" v="1.0" />
               </vertex>
               <vertex>
                  <position x="28.5" y="0.0" z="-0.0" />
                  <normal x="-0.577350269189626" y="0.577350269189626" z="-0.577350269189626" />
                  <texcoord u="0.527777777777778" v="1.0" />
               </vertex>
               <vertex>
                  <position x="0.0" y="0.0" z="-0.0" />
                  <normal x="0.904534033733291" y="0.301511344577764" z="-0.301511344577764" />
                  <texcoord u="0.0" v="1.0" />
               </vertex>
               <vertex>
                  <position x="0.0" y="3.0" z="-0.0" />
                  <normal x="0.904534033733291" y="-0.301511344577764" z="-0.301511344577764" />
                  <texcoord u="0.0" v="0.916666666666667" />
               </vertex>
               <vertex>
                  <position x="25.5" y="0.0" z="-6.0" />
                  <normal x="0.0" y="-0.707106781186547" z="-0.707106781186547" />
                  <texcoord u="-0.472222222222222" v="0.833333333333333" />
               </vertex>
               <vertex>
                  <position x="0.0" y="0.0" z="-0.0" />
                  <normal x="-0.904534033733291" y="-0.301511344577764" z="0.301511344577764" />
                  <texcoord u="0.0" v="1.0" />
               </vertex>
               <vertex>
                  <position x="0.0" y="0.0" z="-6.0" />
                  <normal x="-0.904534033733291" y="-0.301511344577764" z="-0.301511344577764" />
                  <texcoord u="0.0" v="0.833333333333333" />
               </vertex>
               <vertex>
                  <position x="25.5" y="0.0" z="-0.0" />
                  <normal x="0.0" y="-0.707106781186547" z="0.707106781186547" />
                  <texcoord u="-0.472222222222222" v="1.0" />
               </vertex>
               <vertex>
                  <position x="25.5" y="0.0" z="-6.0" />
                  <normal x="-0.0" y="0.707106781186547" z="0.707106781186547" />
                  <texcoord u="-0.472222222222222" v="0.833333333333333" />
               </vertex>
               <vertex>
                  <position x="0.0" y="0.0" z="-0.0" />
                  <normal x="0.904534033733291" y="0.301511344577764" z="-0.301511344577764" />
                  <texcoord u="0.0" v="1.0" />
               </vertex>
               <vertex>
                  <position x="0.0" y="0.0" z="-6.0" />
                  <normal x="0.904534033733291" y="0.301511344577764" z="0.301511344577764" />
                  <texcoord u="0.0" v="0.833333333333333" />
               </vertex>
               <vertex>
                  <position x="25.5" y="0.0" z="-0.0" />
                  <normal x="-0.0" y="0.707106781186547" z="-0.707106781186547" />
                  <texcoord u="-0.472222222222222" v="1.0" />
               </vertex>
               <vertex>
                  <position x="0.0" y="0.0" z="-6.0" />
                  <normal x="0.904534033733291" y="0.301511344577764" z="0.301511344577764" />
                  <texcoord u="0.111111111111111" v="1.0" />
               </vertex>
               <vertex>
                  <position x="0.0" y="3.0" z="-0.0" />
                  <normal x="0.904534033733291" y="-0.301511344577764" z="-0.301511344577764" />
                  <texcoord u="0.0" v="0.916666666666667" />
               </vertex>
               <vertex>
                  <position x="0.0" y="0.0" z="-0.0" />
                  <normal x="0.904534033733291" y="0.301511344577764" z="-0.301511344577764" />
                  <texcoord u="0.0" v="1.0" />
               </vertex>
               <vertex>
                  <position x="0.0" y="3.0" z="-6.0" />
                  <normal x="0.229415733870562" y="-0.688247201611685" z="0.688247201611685" />
                  <texcoord u="0.111111111111111" v="0.916666666666667" />
               </vertex>
               <vertex>
                  <position x="0.0" y="0.0" z="-6.0" />
                  <normal x="-0.904534033733291" y="-0.301511344577764" z="-0.301511344577764" />
                  <texcoord u="0.111111111111111" v="1.0" />
               </vertex>
               <vertex>
                  <position x="0.0" y="3.0" z="-0.0" />
                  <normal x="-0.904534033733291" y="0.301511344577764" z="0.301511344577764" />
                  <texcoord u="0.0" v="0.916666666666667" />
               </vertex>
               <vertex>
                  <position x="0.0" y="0.0" z="-0.0" />
                  <normal x="-0.904534033733291" y="-0.301511344577764" z="0.301511344577764" />
                  <texcoord u="0.0" v="1.0" />
               </vertex>
               <vertex>
                  <position x="0.0" y="3.0" z="-6.0" />
                  <normal x="-0.229415733870562" y="0.688247201611685" z="-0.688247201611685" />
                  <texcoord u="0.111111111111111" v="0.916666666666667" />
               </vertex>
               <vertex>
                  <position x="0.0" y="3.0" z="-6.0" />
                  <normal x="-0.229415733870562" y="0.688247201611685" z="-0.688247201611685" />
                  <texcoord u="0.0" v="0.916666666666667" />
               </vertex>
               <vertex>
                  <position x="25.5" y="0.0" z="-6.0" />
                  <normal x="0.0" y="-0.707106781186547" z="-0.707106781186547" />
                  <texcoord u="-0.472222222222222" v="1.0" />
               </vertex>
               <vertex>
                  <position x="0.0" y="0.0" z="-6.0" />
                  <normal x="-0.904534033733291" y="-0.301511344577764" z="-0.301511344577764" />
                  <texcoord u="0.0" v="1.0" />
               </vertex>
               <vertex>
                  <position x="28.5" y="0.0" z="-6.0" />
                  <normal x="0.577350269189626" y="-0.577350269189626" z="-0.577350269189626" />
                  <texcoord u="-0.527777777777778" v="1.0" />
               </vertex>
               <vertex>
                  <position x="28.5" y="3.0" z="-6.0" />
                  <normal x="0.577350269189626" y="0.577350269189626" z="-0.577350269189626" />
                  <texcoord u="-0.527777777777778" v="0.916666666666667" />
               </vertex>
               <vertex>
                  <position x="0.0" y="3.0" z="-6.0" />
                  <normal x="0.229415733870562" y="-0.688247201611685" z="0.688247201611685" />
                  <texcoord u="0.0" v="0.916666666666667" />
               </vertex>
               <vertex>
                  <position x="25.5" y="0.0" z="-6.0" />
                  <normal x="-0.0" y="0.707106781186547" z="0.707106781186547" />
                  <texcoord u="-0.472222222222222" v="1.0" />
               </vertex>
               <vertex>
                  <position x="0.0" y="0.0" z="-6.0" />
                  <normal x="0.904534033733291" y="0.301511344577764" z="0.301511344577764" />
                  <texcoord u="0.0" v="1.0" />
               </vertex>
               <vertex>
                  <position x="28.5" y="0.0" z="-6.0" />
                  <normal x="-0.577350269189626" y="0.577350269189626" z="0.577350269189626" />
                  <texcoord u="-0.527777777777778" v="1.0" />
               </vertex>
               <vertex>
                  <position x="28.5" y="3.0" z="-6.0" />
                  <normal x="-0.577350269189626" y="-0.577350269189626" z="0.577350269189626" />
                  <texcoord u="-0.527777777777778" v="0.916666666666667" />
               </vertex>
               <vertex>
                  <position x="28.5" y="0.0" z="-6.0" />
                  <normal x="0.577350269189626" y="-0.577350269189626" z="-0.577350269189626" />
                  <texcoord u="-0.527777777777778" v="0.833333333333333" />
               </vertex>
               <vertex>
                  <position x="25.5" y="0.0" z="-0.0" />
                  <normal x="0.0" y="-0.707106781186547" z="0.707106781186547" />
                  <texcoord u="-0.472222222222222" v="1.0" />
               </vertex>
               <vertex>
                  <position x="25.5" y="0.0" z="-6.0" />
                  <normal x="0.0" y="-0.707106781186547" z="-0.707106781186547" />
                  <texcoord u="-0.472222222222222" v="0.833333333333333" />
               </vertex>
               <vertex>
                  <position x="28.5" y="0.0" z="-0.0" />
                  <normal x="0.577350269189626" y="-0.577350269189626" z="0.577350269189626" />
                  <texcoord u="-0.527777777777778" v="1.0" />
               </vertex>
               <vertex>
                  <position x="28.5" y="0.0" z="-6.0" />
                  <normal x="-0.577350269189626" y="0.577350269189626" z="0.577350269189626" />
                  <texcoord u="-0.527777777777778" v="0.833333333333333" />
               </vertex>
               <vertex>
                  <position x="25.5" y="0.0" z="-0.0" />
                  <normal x="-0.0" y="0.707106781186547" z="-0.707106781186547" />
                  <texcoord u="-0.472222222222222" v="1.0" />
               </vertex>
               <vertex>
                  <position x="25.5" y="0.0" z="-6.0" />
                  <normal x="-0.0" y="0.707106781186547" z="0.707106781186547" />
                  <texcoord u="-0.472222222222222" v="0.833333333333333" />
               </vertex>
               <vertex>
                  <position x="28.5" y="0.0" z="-0.0" />
                  <normal x="-0.577350269189626" y="0.577350269189626" z="-0.577350269189626" />
                  <texcoord u="-0.527777777777778" v="1.0" />
               </vertex>
               <vertex>
                  <position x="28.5" y="3.0" z="-0.0" />
                  <normal x="0.577350269189626" y="0.577350269189626" z="0.577350269189626" />
                  <texcoord u="0.527777777777778" v="1.0" />
               </vertex>
               <vertex>
                  <position x="0.0" y="3.0" z="-6.0" />
                  <normal x="-0.229415733870562" y="0.688247201611685" z="-0.688247201611685" />
                  <texcoord u="0.0" v="0.833333333333333" />
               </vertex>
               <vertex>
                  <position x="0.0" y="3.0" z="-0.0" />
                  <normal x="-0.904534033733291" y="0.301511344577764" z="0.301511344577764" />
                  <texcoord u="0.0" v="1.0" />
               </vertex>
               <vertex>
                  <position x="28.5" y="3.0" z="-6.0" />
                  <normal x="0.577350269189626" y="0.577350269189626" z="-0.577350269189626" />
                  <texcoord u="0.527777777777778" v="0.833333333333333" />
               </vertex>
               <vertex>
                  <position x="28.5" y="3.0" z="-0.0" />
                  <normal x="-0.577350269189626" y="-0.577350269189626" z="-0.577350269189626" />
                  <texcoord u="0.527777777777778" v="1.0" />
               </vertex>
               <vertex>
                  <position x="0.0" y="3.0" z="-6.0" />
                  <normal x="0.229415733870562" y="-0.688247201611685" z="0.688247201611685" />
                  <texcoord u="0.0" v="0.833333333333333" />
               </vertex>
               <vertex>
                  <position x="0.0" y="3.0" z="-0.0" />
                  <normal x="0.904534033733291" y="-0.301511344577764" z="-0.301511344577764" />
                  <texcoord u="0.0" v="1.0" />
               </vertex>
               <vertex>
                  <position x="28.5" y="3.0" z="-6.0" />
                  <normal x="-0.577350269189626" y="-0.577350269189626" z="0.577350269189626" />
                  <texcoord u="0.527777777777778" v="0.833333333333333" />
               </vertex>
               <vertex>
                  <position x="28.5" y="0.0" z="-6.0" />
                  <normal x="0.577350269189626" y="-0.577350269189626" z="-0.577350269189626" />
                  <texcoord u="0.111111111111111" v="1.0" />
               </vertex>
               <vertex>
                  <position x="28.5" y="3.0" z="-0.0" />
                  <normal x="0.577350269189626" y="0.577350269189626" z="0.577350269189626" />
                  <texcoord u="0.0" v="0.916666666666667" />
               </vertex>
               <vertex>
                  <position x="28.5" y="0.0" z="-0.0" />
                  <normal x="0.577350269189626" y="-0.577350269189626" z="0.577350269189626" />
                  <texcoord u="0.0" v="1.0" />
               </vertex>
               <vertex>
                  <position x="28.5" y="3.0" z="-6.0" />
                  <normal x="0.577350269189626" y="0.577350269189626" z="-0.577350269189626" />
                  <texcoord u="0.111111111111111" v="0.916666666666667" />
               </vertex>
               <vertex>
                  <position x="28.5" y="0.0" z="-6.0" />
                  <normal x="-0.577350269189626" y="0.577350269189626" z="0.577350269189626" />
                  <texcoord u="0.111111111111111" v="1.0" />
               </vertex>
               <vertex>
                  <position x="28.5" y="3.0" z="-0.0" />
                  <normal x="-0.577350269189626" y="-0.577350269189626" z="-0.577350269189626" />
                  <texcoord u="0.0" v="0.916666666666667" />
               </vertex>
               <vertex>
                  <position x="28.5" y="0.0" z="-0.0" />
                  <normal x="-0.577350269189626" y="0.577350269189626" z="-0.577350269189626" />
                  <texcoord u="0.0" v="1.0" />
               </vertex>
               <vertex>
                  <position x="28.5" y="3.0" z="-6.0" />
                  <normal x="-0.577350269189626" y="-0.577350269189626" z="0.577350269189626" />
                  <texcoord u="0.111111111111111" v="0.916666666666667" />
               </vertex>
            </vertexbuffer>
         </geometry>
      </submesh>
   </submeshes>
</mesh>
