<mesh>
   <submeshes>
      <submesh material = "SketchupDefault" usesharedvertices="false" use32bitindexes="false">
         <faces count="92">
            <face v1="1" v2="0" v3="2" />
            <face v1="0" v2="1" v3="3" />
            <face v1="0" v2="3" v3="4" />
            <face v1="4" v2="3" v3="5" />
            <face v1="0" v2="4" v3="6" />
            <face v1="7" v2="4" v3="5" />
            <face v1="4" v2="7" v3="8" />
            <face v1="8" v2="7" v3="9" />
            <face v1="11" v2="10" v3="12" />
            <face v1="10" v2="11" v3="13" />
            <face v1="15" v2="14" v3="16" />
            <face v1="14" v2="15" v3="17" />
            <face v1="19" v2="18" v3="20" />
            <face v1="18" v2="19" v3="21" />
            <face v1="23" v2="22" v3="24" />
            <face v1="22" v2="23" v3="25" />
            <face v1="27" v2="26" v3="28" />
            <face v1="26" v2="27" v3="29" />
            <face v1="31" v2="30" v3="32" />
            <face v1="30" v2="31" v3="33" />
            <face v1="35" v2="34" v3="36" />
            <face v1="34" v2="35" v3="37" />
            <face v1="39" v2="38" v3="40" />
            <face v1="41" v2="39" v3="42" />
            <face v1="39" v2="41" v3="43" />
            <face v1="39" v2="43" v3="44" />
            <face v1="39" v2="44" v3="38" />
            <face v1="44" v2="43" v3="45" />
            <face v1="47" v2="46" v3="48" />
            <face v1="46" v2="47" v3="49" />
            <face v1="46" v2="49" v3="50" />
            <face v1="52" v2="51" v3="53" />
            <face v1="51" v2="52" v3="54" />
            <face v1="56" v2="55" v3="57" />
            <face v1="55" v2="56" v3="58" />
            <face v1="60" v2="59" v3="61" />
            <face v1="59" v2="60" v3="62" />
            <face v1="64" v2="63" v3="65" />
            <face v1="63" v2="64" v3="66" />
            <face v1="68" v2="67" v3="69" />
            <face v1="67" v2="68" v3="70" />
            <face v1="72" v2="71" v3="73" />
            <face v1="71" v2="72" v3="74" />
            <face v1="75" v2="72" v3="76" />
            <face v1="72" v2="75" v3="74" />
            <face v1="78" v2="77" v3="79" />
            <face v1="77" v2="78" v3="80" />
            <face v1="82" v2="81" v3="83" />
            <face v1="81" v2="82" v3="84" />
            <face v1="86" v2="85" v3="87" />
            <face v1="85" v2="86" v3="88" />
            <face v1="90" v2="89" v3="91" />
            <face v1="89" v2="90" v3="92" />
            <face v1="94" v2="93" v3="95" />
            <face v1="96" v2="94" v3="97" />
            <face v1="94" v2="96" v3="93" />
            <face v1="99" v2="98" v3="100" />
            <face v1="98" v2="99" v3="101" />
            <face v1="98" v2="101" v3="102" />
            <face v1="104" v2="103" v3="105" />
            <face v1="103" v2="104" v3="106" />
            <face v1="108" v2="107" v3="109" />
            <face v1="107" v2="108" v3="110" />
            <face v1="107" v2="110" v3="111" />
            <face v1="107" v2="111" v3="112" />
            <face v1="114" v2="113" v3="115" />
            <face v1="113" v2="114" v3="116" />
            <face v1="113" v2="116" v3="117" />
            <face v1="117" v2="116" v3="118" />
            <face v1="120" v2="119" v3="121" />
            <face v1="123" v2="122" v3="124" />
            <face v1="122" v2="123" v3="125" />
            <face v1="122" v2="125" v3="121" />
            <face v1="121" v2="125" v3="126" />
            <face v1="121" v2="126" v3="127" />
            <face v1="121" v2="127" v3="120" />
            <face v1="129" v2="128" v3="130" />
            <face v1="128" v2="129" v3="131" />
            <face v1="133" v2="132" v3="134" />
            <face v1="132" v2="133" v3="135" />
            <face v1="137" v2="136" v3="138" />
            <face v1="136" v2="137" v3="139" />
            <face v1="141" v2="140" v3="142" />
            <face v1="140" v2="141" v3="143" />
            <face v1="145" v2="144" v3="146" />
            <face v1="144" v2="145" v3="147" />
            <face v1="149" v2="148" v3="150" />
            <face v1="148" v2="149" v3="151" />
            <face v1="151" v2="149" v3="152" />
            <face v1="148" v2="151" v3="153" />
            <face v1="151" v2="152" v3="147" />
            <face v1="147" v2="152" v3="144" />
         </faces>
         <geometry vertexcount="154">
            <vertexbuffer positions="true" normals="true" colours_diffuse="false"  >
               <vertex>
                  <position x="206.25" y="0.0864568991480397" z="-76.5" />
                  <normal x="-3.62654653199124e-020" y="1.0" z="3.10601747478363e-016" />
               </vertex>
               <vertex>
                  <position x="5.25" y="0.0864568991480397" z="-71.25" />
                  <normal x="-3.62654653199124e-020" y="1.0" z="3.10601747478363e-016" />
               </vertex>
               <vertex>
                  <position x="5.25" y="0.0864568991480397" z="-76.5" />
                  <normal x="-3.62654653199124e-020" y="1.0" z="3.10601747478363e-016" />
               </vertex>
               <vertex>
                  <position x="102.452800797933" y="0.0864568991480397" z="-71.25" />
                  <normal x="-3.62654653199124e-020" y="1.0" z="3.10601747478363e-016" />
               </vertex>
               <vertex>
                  <position x="109.047199202068" y="0.0864568991480397" z="-71.25" />
                  <normal x="-3.62654653199124e-020" y="1.0" z="3.10601747478363e-016" />
               </vertex>
               <vertex>
                  <position x="102.452800797933" y="0.0864568991480184" z="-5.24999999999997" />
                  <normal x="-3.62654653199124e-020" y="1.0" z="3.10601747478363e-016" />
               </vertex>
               <vertex>
                  <position x="206.25" y="0.0864568991480397" z="-71.25" />
                  <normal x="-3.62654653199124e-020" y="1.0" z="3.10601747478363e-016" />
               </vertex>
               <vertex>
                  <position x="109.047199202068" y="0.0864568991480184" z="-5.24999999999997" />
                  <normal x="-3.62654653199124e-020" y="1.0" z="3.10601747478363e-016" />
               </vertex>
               <vertex>
                  <position x="109.047199202068" y="0.086456899148029" z="-40.1341885385159" />
                  <normal x="-3.62654653199124e-020" y="1.0" z="3.10601747478363e-016" />
               </vertex>
               <vertex>
                  <position x="109.047199202068" y="0.086456899148029" z="-36.8369893364484" />
                  <normal x="-3.62654653199124e-020" y="1.0" z="3.10601747478363e-016" />
               </vertex>
               <vertex>
                  <position x="206.25" y="0.0864568991480397" z="-76.5" />
                  <normal x="-1.0" y="-0.0" z="0.0" />
               </vertex>
               <vertex>
                  <position x="206.25" y="5.42143727577218" z="-71.25" />
                  <normal x="-1.0" y="-0.0" z="0.0" />
               </vertex>
               <vertex>
                  <position x="206.25" y="0.0864568991480397" z="-71.25" />
                  <normal x="-1.0" y="-0.0" z="0.0" />
               </vertex>
               <vertex>
                  <position x="206.25" y="5.42143727577218" z="-76.5" />
                  <normal x="-1.0" y="-0.0" z="0.0" />
               </vertex>
               <vertex>
                  <position x="5.25" y="5.42143727577218" z="-5.24999999999998" />
                  <normal x="2.03012210217171e-015" y="2.00253132017104e-015" z="-1.0" />
               </vertex>
               <vertex>
                  <position x="0.0" y="0.0991030235962072" z="-5.25" />
                  <normal x="2.03012210217171e-015" y="2.00253132017104e-015" z="-1.0" />
               </vertex>
               <vertex>
                  <position x="5.25" y="0.0991030235962072" z="-5.24999999999998" />
                  <normal x="2.03012210217171e-015" y="2.00253132017104e-015" z="-1.0" />
               </vertex>
               <vertex>
                  <position x="0.0" y="5.42143727577218" z="-5.24999999999998" />
                  <normal x="2.03012210217171e-015" y="2.00253132017104e-015" z="-1.0" />
               </vertex>
               <vertex>
                  <position x="0.0" y="5.42143727577225" z="-71.2500000000001" />
                  <normal x="-8.12048840868691e-015" y="-8.01012528068418e-015" z="1.0" />
               </vertex>
               <vertex>
                  <position x="5.25" y="0.0991030235962711" z="-71.2500000000001" />
                  <normal x="-8.12048840868691e-015" y="-8.01012528068418e-015" z="1.0" />
               </vertex>
               <vertex>
                  <position x="0.0" y="0.0991030235962711" z="-71.2500000000001" />
                  <normal x="-8.12048840868691e-015" y="-8.01012528068418e-015" z="1.0" />
               </vertex>
               <vertex>
                  <position x="5.25" y="5.42143727577218" z="-71.25" />
                  <normal x="-8.12048840868691e-015" y="-8.01012528068418e-015" z="1.0" />
               </vertex>
               <vertex>
                  <position x="5.25" y="0.0991030235962711" z="-71.2500000000001" />
                  <normal x="-4.49606809061029e-030" y="1.0" z="9.68921912400135e-016" />
               </vertex>
               <vertex>
                  <position x="0.0" y="0.0991030235962072" z="-5.25" />
                  <normal x="-4.49606809061029e-030" y="1.0" z="9.68921912400135e-016" />
               </vertex>
               <vertex>
                  <position x="0.0" y="0.0991030235962711" z="-71.2500000000001" />
                  <normal x="-4.49606809061029e-030" y="1.0" z="9.68921912400135e-016" />
               </vertex>
               <vertex>
                  <position x="5.25" y="0.0991030235962072" z="-5.24999999999998" />
                  <normal x="-4.49606809061029e-030" y="1.0" z="9.68921912400135e-016" />
               </vertex>
               <vertex>
                  <position x="0.0" y="5.42143727577225" z="-71.2500000000001" />
                  <normal x="1.0" y="-8.13076618674066e-030" z="2.03012210217171e-015" />
               </vertex>
               <vertex>
                  <position x="0.0" y="0.0991030235962072" z="-5.25" />
                  <normal x="1.0" y="-8.13076618674066e-030" z="2.03012210217171e-015" />
               </vertex>
               <vertex>
                  <position x="0.0" y="5.42143727577218" z="-5.24999999999998" />
                  <normal x="1.0" y="-8.13076618674066e-030" z="2.03012210217171e-015" />
               </vertex>
               <vertex>
                  <position x="0.0" y="0.0991030235962711" z="-71.2500000000001" />
                  <normal x="1.0" y="-8.13076618674066e-030" z="2.03012210217171e-015" />
               </vertex>
               <vertex>
                  <position x="5.25" y="5.42143727577218" z="-5.24999999999998" />
                  <normal x="-6.09036630651514e-015" y="-1.0" z="-4.84460956200068e-016" />
               </vertex>
               <vertex>
                  <position x="0.0" y="5.42143727577225" z="-71.2500000000001" />
                  <normal x="-6.09036630651514e-015" y="-1.0" z="-4.84460956200068e-016" />
               </vertex>
               <vertex>
                  <position x="0.0" y="5.42143727577218" z="-5.24999999999998" />
                  <normal x="-6.09036630651514e-015" y="-1.0" z="-4.84460956200068e-016" />
               </vertex>
               <vertex>
                  <position x="5.25" y="5.42143727577218" z="-71.25" />
                  <normal x="-6.09036630651514e-015" y="-1.0" z="-4.84460956200068e-016" />
               </vertex>
               <vertex>
                  <position x="5.25" y="0.0991030235962711" z="-71.2500000000001" />
                  <normal x="-1.0" y="-0.0" z="0.0" />
               </vertex>
               <vertex>
                  <position x="5.25" y="5.42143727577218" z="-5.24999999999998" />
                  <normal x="-1.0" y="-0.0" z="0.0" />
               </vertex>
               <vertex>
                  <position x="5.25" y="0.0991030235962072" z="-5.24999999999998" />
                  <normal x="-1.0" y="-0.0" z="0.0" />
               </vertex>
               <vertex>
                  <position x="5.25" y="5.42143727577218" z="-71.25" />
                  <normal x="-1.0" y="-0.0" z="0.0" />
               </vertex>
               <vertex>
                  <position x="109.047199202068" y="5.42143727577216" z="-5.24999999999997" />
                  <normal x="3.62654653198972e-020" y="-1.0" z="-3.10601747478363e-016" />
               </vertex>
               <vertex>
                  <position x="102.452800797933" y="5.42143727577218" z="-71.25" />
                  <normal x="3.62654653198972e-020" y="-1.0" z="-3.10601747478363e-016" />
               </vertex>
               <vertex>
                  <position x="102.452800797933" y="5.42143727577216" z="-5.24999999999995" />
                  <normal x="3.62654653198972e-020" y="-1.0" z="-3.10601747478363e-016" />
               </vertex>
               <vertex>
                  <position x="5.25" y="5.42143727577218" z="-76.5" />
                  <normal x="3.62654653198972e-020" y="-1.0" z="-3.10601747478363e-016" />
               </vertex>
               <vertex>
                  <position x="5.25" y="5.42143727577218" z="-71.25" />
                  <normal x="3.62654653198972e-020" y="-1.0" z="-3.10601747478363e-016" />
               </vertex>
               <vertex>
                  <position x="206.25" y="5.42143727577218" z="-76.5" />
                  <normal x="3.62654653198972e-020" y="-1.0" z="-3.10601747478363e-016" />
               </vertex>
               <vertex>
                  <position x="109.047199202068" y="5.42143727577218" z="-71.25" />
                  <normal x="3.62654653198972e-020" y="-1.0" z="-3.10601747478363e-016" />
               </vertex>
               <vertex>
                  <position x="206.25" y="5.42143727577218" z="-71.25" />
                  <normal x="3.62654653198972e-020" y="-1.0" z="-3.10601747478363e-016" />
               </vertex>
               <vertex>
                  <position x="102.452800797933" y="5.42143727577218" z="-71.25" />
                  <normal x="2.80410078554746e-016" y="4.78842214809396e-015" z="-1.0" />
               </vertex>
               <vertex>
                  <position x="5.25" y="0.0864568991480397" z="-71.25" />
                  <normal x="2.80410078554746e-016" y="4.78842214809396e-015" z="-1.0" />
               </vertex>
               <vertex>
                  <position x="102.452800797933" y="0.0864568991480397" z="-71.25" />
                  <normal x="2.80410078554746e-016" y="4.78842214809396e-015" z="-1.0" />
               </vertex>
               <vertex>
                  <position x="5.25" y="0.0991030235962711" z="-71.2500000000001" />
                  <normal x="2.80410078554746e-016" y="4.78842214809396e-015" z="-1.0" />
               </vertex>
               <vertex>
                  <position x="5.25" y="5.42143727577218" z="-71.25" />
                  <normal x="2.80410078554746e-016" y="4.78842214809396e-015" z="-1.0" />
               </vertex>
               <vertex>
                  <position x="206.25" y="5.42143727577218" z="-71.25" />
                  <normal x="-0.0" y="-0.0" z="-1.0" />
               </vertex>
               <vertex>
                  <position x="109.047199202068" y="0.0864568991480397" z="-71.25" />
                  <normal x="-0.0" y="-0.0" z="-1.0" />
               </vertex>
               <vertex>
                  <position x="206.25" y="0.0864568991480397" z="-71.25" />
                  <normal x="-0.0" y="-0.0" z="-1.0" />
               </vertex>
               <vertex>
                  <position x="109.047199202068" y="5.42143727577218" z="-71.25" />
                  <normal x="-0.0" y="-0.0" z="-1.0" />
               </vertex>
               <vertex>
                  <position x="5.25" y="5.42143727577218" z="-76.5" />
                  <normal x="-0.0" y="-0.0" z="1.0" />
               </vertex>
               <vertex>
                  <position x="206.25" y="0.0864568991480397" z="-76.5" />
                  <normal x="-0.0" y="-0.0" z="1.0" />
               </vertex>
               <vertex>
                  <position x="5.25" y="0.0864568991480397" z="-76.5" />
                  <normal x="-0.0" y="-0.0" z="1.0" />
               </vertex>
               <vertex>
                  <position x="206.25" y="5.42143727577218" z="-76.5" />
                  <normal x="-0.0" y="-0.0" z="1.0" />
               </vertex>
               <vertex>
                  <position x="211.5" y="0.0864568991480397" z="-71.25" />
                  <normal x="-1.0" y="-0.0" z="0.0" />
               </vertex>
               <vertex>
                  <position x="211.5" y="5.42143727577218" z="-5.24999999999998" />
                  <normal x="-1.0" y="-0.0" z="0.0" />
               </vertex>
               <vertex>
                  <position x="211.5" y="0.0864568991480397" z="-5.24999999999998" />
                  <normal x="-1.0" y="-0.0" z="0.0" />
               </vertex>
               <vertex>
                  <position x="211.5" y="5.42143727577218" z="-71.25" />
                  <normal x="-1.0" y="-0.0" z="0.0" />
               </vertex>
               <vertex>
                  <position x="211.5" y="0.0864568991480397" z="-71.25" />
                  <normal x="-0.0" y="1.0" z="0.0" />
               </vertex>
               <vertex>
                  <position x="206.25" y="0.0864568991480397" z="-5.24999999999998" />
                  <normal x="-0.0" y="1.0" z="0.0" />
               </vertex>
               <vertex>
                  <position x="206.25" y="0.0864568991480397" z="-71.25" />
                  <normal x="-0.0" y="1.0" z="0.0" />
               </vertex>
               <vertex>
                  <position x="211.5" y="0.0864568991480397" z="-5.24999999999998" />
                  <normal x="-0.0" y="1.0" z="0.0" />
               </vertex>
               <vertex>
                  <position x="206.25" y="0.0" z="-5.24999999999998" />
                  <normal x="0.0" y="1.0" z="-0.0" />
               </vertex>
               <vertex>
                  <position x="5.25" y="0.0" z="-0.0" />
                  <normal x="0.0" y="1.0" z="-0.0" />
               </vertex>
               <vertex>
                  <position x="5.25" y="0.0" z="-5.24999999999998" />
                  <normal x="0.0" y="1.0" z="-0.0" />
               </vertex>
               <vertex>
                  <position x="206.25" y="0.0" z="-0.0" />
                  <normal x="0.0" y="1.0" z="-0.0" />
               </vertex>
               <vertex>
                  <position x="5.25" y="0.0864568991480397" z="-5.24999999999998" />
                  <normal x="-0.0" y="-6.16384646073704e-014" z="1.0" />
               </vertex>
               <vertex>
                  <position x="206.25" y="0.0" z="-5.24999999999998" />
                  <normal x="-0.0" y="-6.16384646073704e-014" z="1.0" />
               </vertex>
               <vertex>
                  <position x="5.25" y="0.0" z="-5.24999999999998" />
                  <normal x="-0.0" y="-6.16384646073704e-014" z="1.0" />
               </vertex>
               <vertex>
                  <position x="102.452800797933" y="0.0864568991480184" z="-5.24999999999997" />
                  <normal x="-0.0" y="-6.16384646073704e-014" z="1.0" />
               </vertex>
               <vertex>
                  <position x="109.047199202068" y="0.0864568991480184" z="-5.24999999999997" />
                  <normal x="-0.0" y="-6.16384646073704e-014" z="1.0" />
               </vertex>
               <vertex>
                  <position x="206.25" y="0.0864568991480397" z="-5.24999999999998" />
                  <normal x="-0.0" y="-6.16384646073704e-014" z="1.0" />
               </vertex>
               <vertex>
                  <position x="206.25" y="5.42143727577218" z="-71.25" />
                  <normal x="-0.0" y="-0.0" z="1.0" />
               </vertex>
               <vertex>
                  <position x="211.5" y="0.0864568991480397" z="-71.25" />
                  <normal x="-0.0" y="-0.0" z="1.0" />
               </vertex>
               <vertex>
                  <position x="206.25" y="0.0864568991480397" z="-71.25" />
                  <normal x="-0.0" y="-0.0" z="1.0" />
               </vertex>
               <vertex>
                  <position x="211.5" y="5.42143727577218" z="-71.25" />
                  <normal x="-0.0" y="-0.0" z="1.0" />
               </vertex>
               <vertex>
                  <position x="211.5" y="5.42143727577218" z="-5.24999999999998" />
                  <normal x="-0.0" y="-0.0" z="-1.0" />
               </vertex>
               <vertex>
                  <position x="206.25" y="0.0864568991480397" z="-5.24999999999998" />
                  <normal x="-0.0" y="-0.0" z="-1.0" />
               </vertex>
               <vertex>
                  <position x="211.5" y="0.0864568991480397" z="-5.24999999999998" />
                  <normal x="-0.0" y="-0.0" z="-1.0" />
               </vertex>
               <vertex>
                  <position x="206.25" y="5.42143727577218" z="-5.24999999999998" />
                  <normal x="-0.0" y="-0.0" z="-1.0" />
               </vertex>
               <vertex>
                  <position x="211.5" y="5.42143727577218" z="-5.24999999999998" />
                  <normal x="-0.0" y="-1.0" z="0.0" />
               </vertex>
               <vertex>
                  <position x="206.25" y="5.42143727577218" z="-71.25" />
                  <normal x="-0.0" y="-1.0" z="0.0" />
               </vertex>
               <vertex>
                  <position x="206.25" y="5.42143727577218" z="-5.24999999999998" />
                  <normal x="-0.0" y="-1.0" z="0.0" />
               </vertex>
               <vertex>
                  <position x="211.5" y="5.42143727577218" z="-71.25" />
                  <normal x="-0.0" y="-1.0" z="0.0" />
               </vertex>
               <vertex>
                  <position x="206.25" y="5.42143727577218" z="-71.25" />
                  <normal x="1.0" y="-0.0" z="0.0" />
               </vertex>
               <vertex>
                  <position x="206.25" y="0.0864568991480397" z="-5.24999999999998" />
                  <normal x="1.0" y="-0.0" z="0.0" />
               </vertex>
               <vertex>
                  <position x="206.25" y="5.42143727577218" z="-5.24999999999998" />
                  <normal x="1.0" y="-0.0" z="0.0" />
               </vertex>
               <vertex>
                  <position x="206.25" y="0.0864568991480397" z="-71.25" />
                  <normal x="1.0" y="-0.0" z="0.0" />
               </vertex>
               <vertex>
                  <position x="5.25" y="5.42143727577218" z="-76.5" />
                  <normal x="1.0" y="-0.0" z="0.0" />
               </vertex>
               <vertex>
                  <position x="5.25" y="0.0991030235962711" z="-71.2500000000001" />
                  <normal x="1.0" y="-0.0" z="0.0" />
               </vertex>
               <vertex>
                  <position x="5.25" y="5.42143727577218" z="-71.25" />
                  <normal x="1.0" y="-0.0" z="0.0" />
               </vertex>
               <vertex>
                  <position x="5.25" y="0.0864568991480397" z="-76.5" />
                  <normal x="1.0" y="-0.0" z="0.0" />
               </vertex>
               <vertex>
                  <position x="5.25" y="0.0864568991480397" z="-71.25" />
                  <normal x="1.0" y="-0.0" z="0.0" />
               </vertex>
               <vertex>
                  <position x="206.25" y="0.0" z="-5.24999999999998" />
                  <normal x="-1.0" y="-0.0" z="0.0" />
               </vertex>
               <vertex>
                  <position x="206.25" y="5.42143727577218" z="-0.0" />
                  <normal x="-1.0" y="-0.0" z="0.0" />
               </vertex>
               <vertex>
                  <position x="206.25" y="0.0" z="-0.0" />
                  <normal x="-1.0" y="-0.0" z="0.0" />
               </vertex>
               <vertex>
                  <position x="206.25" y="5.42143727577218" z="-5.24999999999998" />
                  <normal x="-1.0" y="-0.0" z="0.0" />
               </vertex>
               <vertex>
                  <position x="206.25" y="0.0864568991480397" z="-5.24999999999998" />
                  <normal x="-1.0" y="-0.0" z="0.0" />
               </vertex>
               <vertex>
                  <position x="206.25" y="5.42143727577218" z="-0.0" />
                  <normal x="-0.0" y="-0.0" z="-1.0" />
               </vertex>
               <vertex>
                  <position x="5.25" y="0.0" z="-0.0" />
                  <normal x="-0.0" y="-0.0" z="-1.0" />
               </vertex>
               <vertex>
                  <position x="206.25" y="0.0" z="-0.0" />
                  <normal x="-0.0" y="-0.0" z="-1.0" />
               </vertex>
               <vertex>
                  <position x="5.25" y="5.42143727577218" z="-0.0" />
                  <normal x="-0.0" y="-0.0" z="-1.0" />
               </vertex>
               <vertex>
                  <position x="206.25" y="5.42143727577218" z="-0.0" />
                  <normal x="6.42331303302924e-033" y="-1.0" z="2.03012210217171e-015" />
               </vertex>
               <vertex>
                  <position x="5.25" y="5.42143727577218" z="-5.24999999999998" />
                  <normal x="6.42331303302924e-033" y="-1.0" z="2.03012210217171e-015" />
               </vertex>
               <vertex>
                  <position x="5.25" y="5.42143727577218" z="-0.0" />
                  <normal x="6.42331303302924e-033" y="-1.0" z="2.03012210217171e-015" />
               </vertex>
               <vertex>
                  <position x="102.452800797933" y="5.42143727577216" z="-5.24999999999995" />
                  <normal x="6.42331303302924e-033" y="-1.0" z="2.03012210217171e-015" />
               </vertex>
               <vertex>
                  <position x="109.047199202068" y="5.42143727577216" z="-5.24999999999997" />
                  <normal x="6.42331303302924e-033" y="-1.0" z="2.03012210217171e-015" />
               </vertex>
               <vertex>
                  <position x="206.25" y="5.42143727577218" z="-5.24999999999998" />
                  <normal x="6.42331303302924e-033" y="-1.0" z="2.03012210217171e-015" />
               </vertex>
               <vertex>
                  <position x="5.25" y="5.42143727577218" z="-5.24999999999998" />
                  <normal x="1.0" y="-0.0" z="0.0" />
               </vertex>
               <vertex>
                  <position x="5.25" y="0.0" z="-0.0" />
                  <normal x="1.0" y="-0.0" z="0.0" />
               </vertex>
               <vertex>
                  <position x="5.25" y="5.42143727577218" z="-0.0" />
                  <normal x="1.0" y="-0.0" z="0.0" />
               </vertex>
               <vertex>
                  <position x="5.25" y="0.0" z="-5.24999999999998" />
                  <normal x="1.0" y="-0.0" z="0.0" />
               </vertex>
               <vertex>
                  <position x="5.25" y="0.0991030235962072" z="-5.24999999999998" />
                  <normal x="1.0" y="-0.0" z="0.0" />
               </vertex>
               <vertex>
                  <position x="5.25" y="0.0864568991480397" z="-5.24999999999998" />
                  <normal x="1.0" y="-0.0" z="0.0" />
               </vertex>
               <vertex>
                  <position x="5.25" y="5.42143727577218" z="-5.24999999999998" />
                  <normal x="-7.40940000707625e-018" y="-1.17057407391891e-015" z="1.0" />
               </vertex>
               <vertex>
                  <position x="102.452800797933" y="5.42143727577216" z="-5.24999999999995" />
                  <normal x="-7.40940000707625e-018" y="-1.17057407391891e-015" z="1.0" />
               </vertex>
               <vertex>
                  <position x="5.25" y="0.0991030235962072" z="-5.24999999999998" />
                  <normal x="-7.40940000707625e-018" y="-1.17057407391891e-015" z="1.0" />
               </vertex>
               <vertex>
                  <position x="5.25" y="0.0864568991480397" z="-5.24999999999998" />
                  <normal x="-7.40940000707625e-018" y="-1.17057407391891e-015" z="1.0" />
               </vertex>
               <vertex>
                  <position x="109.047199202068" y="0.0864568991480184" z="-5.24999999999997" />
                  <normal x="-7.40940000707625e-018" y="-1.17057407391891e-015" z="1.0" />
               </vertex>
               <vertex>
                  <position x="102.452800797933" y="0.0864568991480184" z="-5.24999999999997" />
                  <normal x="-7.40940000707625e-018" y="-1.17057407391891e-015" z="1.0" />
               </vertex>
               <vertex>
                  <position x="206.25" y="0.0864568991480397" z="-5.24999999999998" />
                  <normal x="-7.40940000707625e-018" y="-1.17057407391891e-015" z="1.0" />
               </vertex>
               <vertex>
                  <position x="206.25" y="5.42143727577218" z="-5.24999999999998" />
                  <normal x="-7.40940000707625e-018" y="-1.17057407391891e-015" z="1.0" />
               </vertex>
               <vertex>
                  <position x="109.047199202068" y="5.42143727577216" z="-5.24999999999997" />
                  <normal x="-7.40940000707625e-018" y="-1.17057407391891e-015" z="1.0" />
               </vertex>
               <vertex>
                  <position x="109.047199202068" y="0.979613542749995" z="-40.1341885385159" />
                  <normal x="-1.0" y="-0.0" z="0.0" />
               </vertex>
               <vertex>
                  <position x="109.047199202068" y="4.27681274481743" z="-36.8369893364484" />
                  <normal x="-1.0" y="-0.0" z="0.0" />
               </vertex>
               <vertex>
                  <position x="109.047199202068" y="0.979613542749995" z="-36.8369893364484" />
                  <normal x="-1.0" y="-0.0" z="0.0" />
               </vertex>
               <vertex>
                  <position x="109.047199202068" y="4.27681274481743" z="-40.1341885385159" />
                  <normal x="-1.0" y="-0.0" z="0.0" />
               </vertex>
               <vertex>
                  <position x="109.047199202068" y="0.086456899148029" z="-40.1341885385159" />
                  <normal x="-1.0" y="-0.0" z="0.0" />
               </vertex>
               <vertex>
                  <position x="109.047199202068" y="0.979613542749995" z="-36.8369893364484" />
                  <normal x="-1.0" y="-0.0" z="0.0" />
               </vertex>
               <vertex>
                  <position x="109.047199202068" y="0.086456899148029" z="-36.8369893364484" />
                  <normal x="-1.0" y="-0.0" z="0.0" />
               </vertex>
               <vertex>
                  <position x="109.047199202068" y="0.979613542749995" z="-40.1341885385159" />
                  <normal x="-1.0" y="-0.0" z="0.0" />
               </vertex>
               <vertex>
                  <position x="109.047199202068" y="5.42143727577216" z="-5.24999999999997" />
                  <normal x="-1.61624160131398e-015" y="1.99778448728723e-015" z="-1.0" />
               </vertex>
               <vertex>
                  <position x="102.452800797933" y="0.0864568991480184" z="-5.24999999999997" />
                  <normal x="-1.61624160131398e-015" y="1.99778448728723e-015" z="-1.0" />
               </vertex>
               <vertex>
                  <position x="109.047199202068" y="0.0864568991480184" z="-5.24999999999997" />
                  <normal x="-1.61624160131398e-015" y="1.99778448728723e-015" z="-1.0" />
               </vertex>
               <vertex>
                  <position x="102.452800797933" y="5.42143727577216" z="-5.24999999999995" />
                  <normal x="-1.61624160131398e-015" y="1.99778448728723e-015" z="-1.0" />
               </vertex>
               <vertex>
                  <position x="102.452800797933" y="5.42143727577218" z="-71.25" />
                  <normal x="1.0" y="-0.0" z="0.0" />
               </vertex>
               <vertex>
                  <position x="102.452800797933" y="0.0864568991480184" z="-5.24999999999997" />
                  <normal x="1.0" y="-0.0" z="0.0" />
               </vertex>
               <vertex>
                  <position x="102.452800797933" y="5.42143727577216" z="-5.24999999999995" />
                  <normal x="1.0" y="-0.0" z="0.0" />
               </vertex>
               <vertex>
                  <position x="102.452800797933" y="0.0864568991480397" z="-71.25" />
                  <normal x="1.0" y="-0.0" z="0.0" />
               </vertex>
               <vertex>
                  <position x="109.047199202068" y="0.0864568991480397" z="-71.25" />
                  <normal x="-1.0" y="-0.0" z="0.0" />
               </vertex>
               <vertex>
                  <position x="109.047199202068" y="0.979613542749995" z="-40.1341885385159" />
                  <normal x="-1.0" y="-0.0" z="0.0" />
               </vertex>
               <vertex>
                  <position x="109.047199202068" y="0.086456899148029" z="-40.1341885385159" />
                  <normal x="-1.0" y="-0.0" z="0.0" />
               </vertex>
               <vertex>
                  <position x="109.047199202068" y="4.27681274481743" z="-40.1341885385159" />
                  <normal x="-1.0" y="-0.0" z="0.0" />
               </vertex>
               <vertex>
                  <position x="109.047199202068" y="0.086456899148029" z="-36.8369893364484" />
                  <normal x="-1.0" y="-0.0" z="0.0" />
               </vertex>
               <vertex>
                  <position x="109.047199202068" y="5.42143727577216" z="-5.24999999999997" />
                  <normal x="-1.0" y="-0.0" z="0.0" />
               </vertex>
               <vertex>
                  <position x="109.047199202068" y="0.0864568991480184" z="-5.24999999999997" />
                  <normal x="-1.0" y="-0.0" z="0.0" />
               </vertex>
               <vertex>
                  <position x="109.047199202068" y="4.27681274481743" z="-36.8369893364484" />
                  <normal x="-1.0" y="-0.0" z="0.0" />
               </vertex>
               <vertex>
                  <position x="109.047199202068" y="5.42143727577218" z="-71.25" />
                  <normal x="-1.0" y="-0.0" z="0.0" />
               </vertex>
               <vertex>
                  <position x="109.047199202068" y="0.979613542749995" z="-36.8369893364484" />
                  <normal x="-1.0" y="-0.0" z="0.0" />
               </vertex>
            </vertexbuffer>
         </geometry>
      </submesh>
      <submesh material = "Color_B21" usesharedvertices="false" use32bitindexes="false">
         <faces count="92">
            <face v1="0" v2="1" v3="2" />
            <face v1="1" v2="0" v3="3" />
            <face v1="3" v2="0" v3="4" />
            <face v1="3" v2="4" v3="5" />
            <face v1="4" v2="0" v3="6" />
            <face v1="4" v2="7" v3="5" />
            <face v1="7" v2="4" v3="8" />
            <face v1="7" v2="8" v3="9" />
            <face v1="10" v2="11" v3="12" />
            <face v1="11" v2="10" v3="13" />
            <face v1="14" v2="15" v3="16" />
            <face v1="15" v2="14" v3="17" />
            <face v1="18" v2="19" v3="20" />
            <face v1="19" v2="18" v3="21" />
            <face v1="22" v2="23" v3="24" />
            <face v1="23" v2="22" v3="25" />
            <face v1="26" v2="27" v3="28" />
            <face v1="27" v2="26" v3="29" />
            <face v1="30" v2="31" v3="32" />
            <face v1="31" v2="30" v3="33" />
            <face v1="34" v2="35" v3="36" />
            <face v1="35" v2="34" v3="37" />
            <face v1="38" v2="39" v3="40" />
            <face v1="39" v2="41" v3="42" />
            <face v1="41" v2="39" v3="43" />
            <face v1="43" v2="39" v3="44" />
            <face v1="44" v2="39" v3="38" />
            <face v1="43" v2="44" v3="45" />
            <face v1="46" v2="47" v3="48" />
            <face v1="47" v2="46" v3="49" />
            <face v1="49" v2="46" v3="50" />
            <face v1="51" v2="52" v3="53" />
            <face v1="52" v2="51" v3="54" />
            <face v1="55" v2="56" v3="57" />
            <face v1="56" v2="55" v3="58" />
            <face v1="59" v2="60" v3="61" />
            <face v1="60" v2="59" v3="62" />
            <face v1="63" v2="64" v3="65" />
            <face v1="64" v2="63" v3="66" />
            <face v1="67" v2="68" v3="69" />
            <face v1="68" v2="67" v3="70" />
            <face v1="71" v2="72" v3="73" />
            <face v1="72" v2="71" v3="74" />
            <face v1="72" v2="75" v3="76" />
            <face v1="75" v2="72" v3="74" />
            <face v1="77" v2="78" v3="79" />
            <face v1="78" v2="77" v3="80" />
            <face v1="81" v2="82" v3="83" />
            <face v1="82" v2="81" v3="84" />
            <face v1="85" v2="86" v3="87" />
            <face v1="86" v2="85" v3="88" />
            <face v1="89" v2="90" v3="91" />
            <face v1="90" v2="89" v3="92" />
            <face v1="93" v2="94" v3="95" />
            <face v1="94" v2="96" v3="97" />
            <face v1="96" v2="94" v3="93" />
            <face v1="98" v2="99" v3="100" />
            <face v1="99" v2="98" v3="101" />
            <face v1="101" v2="98" v3="102" />
            <face v1="103" v2="104" v3="105" />
            <face v1="104" v2="103" v3="106" />
            <face v1="107" v2="108" v3="109" />
            <face v1="108" v2="107" v3="110" />
            <face v1="110" v2="107" v3="111" />
            <face v1="111" v2="107" v3="112" />
            <face v1="113" v2="114" v3="115" />
            <face v1="114" v2="113" v3="116" />
            <face v1="116" v2="113" v3="117" />
            <face v1="116" v2="117" v3="118" />
            <face v1="119" v2="120" v3="121" />
            <face v1="122" v2="123" v3="124" />
            <face v1="123" v2="122" v3="125" />
            <face v1="125" v2="122" v3="121" />
            <face v1="125" v2="121" v3="126" />
            <face v1="126" v2="121" v3="127" />
            <face v1="127" v2="121" v3="120" />
            <face v1="128" v2="129" v3="130" />
            <face v1="129" v2="128" v3="131" />
            <face v1="132" v2="133" v3="134" />
            <face v1="133" v2="132" v3="135" />
            <face v1="136" v2="137" v3="138" />
            <face v1="137" v2="136" v3="139" />
            <face v1="140" v2="141" v3="142" />
            <face v1="141" v2="140" v3="143" />
            <face v1="144" v2="145" v3="146" />
            <face v1="145" v2="144" v3="147" />
            <face v1="148" v2="149" v3="150" />
            <face v1="149" v2="148" v3="151" />
            <face v1="149" v2="151" v3="152" />
            <face v1="151" v2="148" v3="153" />
            <face v1="152" v2="151" v3="147" />
            <face v1="152" v2="147" v3="144" />
         </faces>
         <geometry vertexcount="154">
            <vertexbuffer positions="true" normals="true" colours_diffuse="false"  >
               <vertex>
                  <position x="206.25" y="0.0864568991480397" z="-76.5" />
                  <normal x="3.62654653199124e-020" y="-1.0" z="-3.10601747478363e-016" />
               </vertex>
               <vertex>
                  <position x="5.25" y="0.0864568991480397" z="-71.25" />
                  <normal x="3.62654653199124e-020" y="-1.0" z="-3.10601747478363e-016" />
               </vertex>
               <vertex>
                  <position x="5.25" y="0.0864568991480397" z="-76.5" />
                  <normal x="3.62654653199124e-020" y="-1.0" z="-3.10601747478363e-016" />
               </vertex>
               <vertex>
                  <position x="102.452800797933" y="0.0864568991480397" z="-71.25" />
                  <normal x="3.62654653199124e-020" y="-1.0" z="-3.10601747478363e-016" />
               </vertex>
               <vertex>
                  <position x="109.047199202068" y="0.0864568991480397" z="-71.25" />
                  <normal x="3.62654653199124e-020" y="-1.0" z="-3.10601747478363e-016" />
               </vertex>
               <vertex>
                  <position x="102.452800797933" y="0.0864568991480184" z="-5.24999999999997" />
                  <normal x="3.62654653199124e-020" y="-1.0" z="-3.10601747478363e-016" />
               </vertex>
               <vertex>
                  <position x="206.25" y="0.0864568991480397" z="-71.25" />
                  <normal x="3.62654653199124e-020" y="-1.0" z="-3.10601747478363e-016" />
               </vertex>
               <vertex>
                  <position x="109.047199202068" y="0.0864568991480184" z="-5.24999999999997" />
                  <normal x="3.62654653199124e-020" y="-1.0" z="-3.10601747478363e-016" />
               </vertex>
               <vertex>
                  <position x="109.047199202068" y="0.086456899148029" z="-40.1341885385159" />
                  <normal x="3.62654653199124e-020" y="-1.0" z="-3.10601747478363e-016" />
               </vertex>
               <vertex>
                  <position x="109.047199202068" y="0.086456899148029" z="-36.8369893364484" />
                  <normal x="3.62654653199124e-020" y="-1.0" z="-3.10601747478363e-016" />
               </vertex>
               <vertex>
                  <position x="206.25" y="0.0864568991480397" z="-76.5" />
                  <normal x="1.0" y="0.0" z="-0.0" />
               </vertex>
               <vertex>
                  <position x="206.25" y="5.42143727577218" z="-71.25" />
                  <normal x="1.0" y="0.0" z="-0.0" />
               </vertex>
               <vertex>
                  <position x="206.25" y="0.0864568991480397" z="-71.25" />
                  <normal x="1.0" y="0.0" z="-0.0" />
               </vertex>
               <vertex>
                  <position x="206.25" y="5.42143727577218" z="-76.5" />
                  <normal x="1.0" y="0.0" z="-0.0" />
               </vertex>
               <vertex>
                  <position x="5.25" y="5.42143727577218" z="-5.24999999999998" />
                  <normal x="-2.03012210217171e-015" y="-2.00253132017104e-015" z="1.0" />
               </vertex>
               <vertex>
                  <position x="0.0" y="0.0991030235962072" z="-5.25" />
                  <normal x="-2.03012210217171e-015" y="-2.00253132017104e-015" z="1.0" />
               </vertex>
               <vertex>
                  <position x="5.25" y="0.0991030235962072" z="-5.24999999999998" />
                  <normal x="-2.03012210217171e-015" y="-2.00253132017104e-015" z="1.0" />
               </vertex>
               <vertex>
                  <position x="0.0" y="5.42143727577218" z="-5.24999999999998" />
                  <normal x="-2.03012210217171e-015" y="-2.00253132017104e-015" z="1.0" />
               </vertex>
               <vertex>
                  <position x="0.0" y="5.42143727577225" z="-71.2500000000001" />
                  <normal x="8.12048840868691e-015" y="8.01012528068418e-015" z="-1.0" />
               </vertex>
               <vertex>
                  <position x="5.25" y="0.0991030235962711" z="-71.2500000000001" />
                  <normal x="8.12048840868691e-015" y="8.01012528068418e-015" z="-1.0" />
               </vertex>
               <vertex>
                  <position x="0.0" y="0.0991030235962711" z="-71.2500000000001" />
                  <normal x="8.12048840868691e-015" y="8.01012528068418e-015" z="-1.0" />
               </vertex>
               <vertex>
                  <position x="5.25" y="5.42143727577218" z="-71.25" />
                  <normal x="8.12048840868691e-015" y="8.01012528068418e-015" z="-1.0" />
               </vertex>
               <vertex>
                  <position x="5.25" y="0.0991030235962711" z="-71.2500000000001" />
                  <normal x="4.49606809061029e-030" y="-1.0" z="-9.68921912400135e-016" />
               </vertex>
               <vertex>
                  <position x="0.0" y="0.0991030235962072" z="-5.25" />
                  <normal x="4.49606809061029e-030" y="-1.0" z="-9.68921912400135e-016" />
               </vertex>
               <vertex>
                  <position x="0.0" y="0.0991030235962711" z="-71.2500000000001" />
                  <normal x="4.49606809061029e-030" y="-1.0" z="-9.68921912400135e-016" />
               </vertex>
               <vertex>
                  <position x="5.25" y="0.0991030235962072" z="-5.24999999999998" />
                  <normal x="4.49606809061029e-030" y="-1.0" z="-9.68921912400135e-016" />
               </vertex>
               <vertex>
                  <position x="0.0" y="5.42143727577225" z="-71.2500000000001" />
                  <normal x="-1.0" y="8.13076618674066e-030" z="-2.03012210217171e-015" />
               </vertex>
               <vertex>
                  <position x="0.0" y="0.0991030235962072" z="-5.25" />
                  <normal x="-1.0" y="8.13076618674066e-030" z="-2.03012210217171e-015" />
               </vertex>
               <vertex>
                  <position x="0.0" y="5.42143727577218" z="-5.24999999999998" />
                  <normal x="-1.0" y="8.13076618674066e-030" z="-2.03012210217171e-015" />
               </vertex>
               <vertex>
                  <position x="0.0" y="0.0991030235962711" z="-71.2500000000001" />
                  <normal x="-1.0" y="8.13076618674066e-030" z="-2.03012210217171e-015" />
               </vertex>
               <vertex>
                  <position x="5.25" y="5.42143727577218" z="-5.24999999999998" />
                  <normal x="6.09036630651514e-015" y="1.0" z="4.84460956200068e-016" />
               </vertex>
               <vertex>
                  <position x="0.0" y="5.42143727577225" z="-71.2500000000001" />
                  <normal x="6.09036630651514e-015" y="1.0" z="4.84460956200068e-016" />
               </vertex>
               <vertex>
                  <position x="0.0" y="5.42143727577218" z="-5.24999999999998" />
                  <normal x="6.09036630651514e-015" y="1.0" z="4.84460956200068e-016" />
               </vertex>
               <vertex>
                  <position x="5.25" y="5.42143727577218" z="-71.25" />
                  <normal x="6.09036630651514e-015" y="1.0" z="4.84460956200068e-016" />
               </vertex>
               <vertex>
                  <position x="5.25" y="0.0991030235962711" z="-71.2500000000001" />
                  <normal x="1.0" y="0.0" z="-0.0" />
               </vertex>
               <vertex>
                  <position x="5.25" y="5.42143727577218" z="-5.24999999999998" />
                  <normal x="1.0" y="0.0" z="-0.0" />
               </vertex>
               <vertex>
                  <position x="5.25" y="0.0991030235962072" z="-5.24999999999998" />
                  <normal x="1.0" y="0.0" z="-0.0" />
               </vertex>
               <vertex>
                  <position x="5.25" y="5.42143727577218" z="-71.25" />
                  <normal x="1.0" y="0.0" z="-0.0" />
               </vertex>
               <vertex>
                  <position x="109.047199202068" y="5.42143727577216" z="-5.24999999999997" />
                  <normal x="-3.62654653198972e-020" y="1.0" z="3.10601747478363e-016" />
               </vertex>
               <vertex>
                  <position x="102.452800797933" y="5.42143727577218" z="-71.25" />
                  <normal x="-3.62654653198972e-020" y="1.0" z="3.10601747478363e-016" />
               </vertex>
               <vertex>
                  <position x="102.452800797933" y="5.42143727577216" z="-5.24999999999995" />
                  <normal x="-3.62654653198972e-020" y="1.0" z="3.10601747478363e-016" />
               </vertex>
               <vertex>
                  <position x="5.25" y="5.42143727577218" z="-76.5" />
                  <normal x="-3.62654653198972e-020" y="1.0" z="3.10601747478363e-016" />
               </vertex>
               <vertex>
                  <position x="5.25" y="5.42143727577218" z="-71.25" />
                  <normal x="-3.62654653198972e-020" y="1.0" z="3.10601747478363e-016" />
               </vertex>
               <vertex>
                  <position x="206.25" y="5.42143727577218" z="-76.5" />
                  <normal x="-3.62654653198972e-020" y="1.0" z="3.10601747478363e-016" />
               </vertex>
               <vertex>
                  <position x="109.047199202068" y="5.42143727577218" z="-71.25" />
                  <normal x="-3.62654653198972e-020" y="1.0" z="3.10601747478363e-016" />
               </vertex>
               <vertex>
                  <position x="206.25" y="5.42143727577218" z="-71.25" />
                  <normal x="-3.62654653198972e-020" y="1.0" z="3.10601747478363e-016" />
               </vertex>
               <vertex>
                  <position x="102.452800797933" y="5.42143727577218" z="-71.25" />
                  <normal x="-2.80410078554746e-016" y="-4.78842214809396e-015" z="1.0" />
               </vertex>
               <vertex>
                  <position x="5.25" y="0.0864568991480397" z="-71.25" />
                  <normal x="-2.80410078554746e-016" y="-4.78842214809396e-015" z="1.0" />
               </vertex>
               <vertex>
                  <position x="102.452800797933" y="0.0864568991480397" z="-71.25" />
                  <normal x="-2.80410078554746e-016" y="-4.78842214809396e-015" z="1.0" />
               </vertex>
               <vertex>
                  <position x="5.25" y="0.0991030235962711" z="-71.2500000000001" />
                  <normal x="-2.80410078554746e-016" y="-4.78842214809396e-015" z="1.0" />
               </vertex>
               <vertex>
                  <position x="5.25" y="5.42143727577218" z="-71.25" />
                  <normal x="-2.80410078554746e-016" y="-4.78842214809396e-015" z="1.0" />
               </vertex>
               <vertex>
                  <position x="206.25" y="5.42143727577218" z="-71.25" />
                  <normal x="0.0" y="0.0" z="1.0" />
               </vertex>
               <vertex>
                  <position x="109.047199202068" y="0.0864568991480397" z="-71.25" />
                  <normal x="0.0" y="0.0" z="1.0" />
               </vertex>
               <vertex>
                  <position x="206.25" y="0.0864568991480397" z="-71.25" />
                  <normal x="0.0" y="0.0" z="1.0" />
               </vertex>
               <vertex>
                  <position x="109.047199202068" y="5.42143727577218" z="-71.25" />
                  <normal x="0.0" y="0.0" z="1.0" />
               </vertex>
               <vertex>
                  <position x="5.25" y="5.42143727577218" z="-76.5" />
                  <normal x="0.0" y="0.0" z="-1.0" />
               </vertex>
               <vertex>
                  <position x="206.25" y="0.0864568991480397" z="-76.5" />
                  <normal x="0.0" y="0.0" z="-1.0" />
               </vertex>
               <vertex>
                  <position x="5.25" y="0.0864568991480397" z="-76.5" />
                  <normal x="0.0" y="0.0" z="-1.0" />
               </vertex>
               <vertex>
                  <position x="206.25" y="5.42143727577218" z="-76.5" />
                  <normal x="0.0" y="0.0" z="-1.0" />
               </vertex>
               <vertex>
                  <position x="211.5" y="0.0864568991480397" z="-71.25" />
                  <normal x="1.0" y="0.0" z="-0.0" />
               </vertex>
               <vertex>
                  <position x="211.5" y="5.42143727577218" z="-5.24999999999998" />
                  <normal x="1.0" y="0.0" z="-0.0" />
               </vertex>
               <vertex>
                  <position x="211.5" y="0.0864568991480397" z="-5.24999999999998" />
                  <normal x="1.0" y="0.0" z="-0.0" />
               </vertex>
               <vertex>
                  <position x="211.5" y="5.42143727577218" z="-71.25" />
                  <normal x="1.0" y="0.0" z="-0.0" />
               </vertex>
               <vertex>
                  <position x="211.5" y="0.0864568991480397" z="-71.25" />
                  <normal x="0.0" y="-1.0" z="-0.0" />
               </vertex>
               <vertex>
                  <position x="206.25" y="0.0864568991480397" z="-5.24999999999998" />
                  <normal x="0.0" y="-1.0" z="-0.0" />
               </vertex>
               <vertex>
                  <position x="206.25" y="0.0864568991480397" z="-71.25" />
                  <normal x="0.0" y="-1.0" z="-0.0" />
               </vertex>
               <vertex>
                  <position x="211.5" y="0.0864568991480397" z="-5.24999999999998" />
                  <normal x="0.0" y="-1.0" z="-0.0" />
               </vertex>
               <vertex>
                  <position x="206.25" y="0.0" z="-5.24999999999998" />
                  <normal x="-0.0" y="-1.0" z="0.0" />
               </vertex>
               <vertex>
                  <position x="5.25" y="0.0" z="-0.0" />
                  <normal x="-0.0" y="-1.0" z="0.0" />
               </vertex>
               <vertex>
                  <position x="5.25" y="0.0" z="-5.24999999999998" />
                  <normal x="-0.0" y="-1.0" z="0.0" />
               </vertex>
               <vertex>
                  <position x="206.25" y="0.0" z="-0.0" />
                  <normal x="-0.0" y="-1.0" z="0.0" />
               </vertex>
               <vertex>
                  <position x="5.25" y="0.0864568991480397" z="-5.24999999999998" />
                  <normal x="0.0" y="6.16384646073704e-014" z="-1.0" />
               </vertex>
               <vertex>
                  <position x="206.25" y="0.0" z="-5.24999999999998" />
                  <normal x="0.0" y="6.16384646073704e-014" z="-1.0" />
               </vertex>
               <vertex>
                  <position x="5.25" y="0.0" z="-5.24999999999998" />
                  <normal x="0.0" y="6.16384646073704e-014" z="-1.0" />
               </vertex>
               <vertex>
                  <position x="102.452800797933" y="0.0864568991480184" z="-5.24999999999997" />
                  <normal x="0.0" y="6.16384646073704e-014" z="-1.0" />
               </vertex>
               <vertex>
                  <position x="109.047199202068" y="0.0864568991480184" z="-5.24999999999997" />
                  <normal x="0.0" y="6.16384646073704e-014" z="-1.0" />
               </vertex>
               <vertex>
                  <position x="206.25" y="0.0864568991480397" z="-5.24999999999998" />
                  <normal x="0.0" y="6.16384646073704e-014" z="-1.0" />
               </vertex>
               <vertex>
                  <position x="206.25" y="5.42143727577218" z="-71.25" />
                  <normal x="0.0" y="0.0" z="-1.0" />
               </vertex>
               <vertex>
                  <position x="211.5" y="0.0864568991480397" z="-71.25" />
                  <normal x="0.0" y="0.0" z="-1.0" />
               </vertex>
               <vertex>
                  <position x="206.25" y="0.0864568991480397" z="-71.25" />
                  <normal x="0.0" y="0.0" z="-1.0" />
               </vertex>
               <vertex>
                  <position x="211.5" y="5.42143727577218" z="-71.25" />
                  <normal x="0.0" y="0.0" z="-1.0" />
               </vertex>
               <vertex>
                  <position x="211.5" y="5.42143727577218" z="-5.24999999999998" />
                  <normal x="0.0" y="0.0" z="1.0" />
               </vertex>
               <vertex>
                  <position x="206.25" y="0.0864568991480397" z="-5.24999999999998" />
                  <normal x="0.0" y="0.0" z="1.0" />
               </vertex>
               <vertex>
                  <position x="211.5" y="0.0864568991480397" z="-5.24999999999998" />
                  <normal x="0.0" y="0.0" z="1.0" />
               </vertex>
               <vertex>
                  <position x="206.25" y="5.42143727577218" z="-5.24999999999998" />
                  <normal x="0.0" y="0.0" z="1.0" />
               </vertex>
               <vertex>
                  <position x="211.5" y="5.42143727577218" z="-5.24999999999998" />
                  <normal x="0.0" y="1.0" z="-0.0" />
               </vertex>
               <vertex>
                  <position x="206.25" y="5.42143727577218" z="-71.25" />
                  <normal x="0.0" y="1.0" z="-0.0" />
               </vertex>
               <vertex>
                  <position x="206.25" y="5.42143727577218" z="-5.24999999999998" />
                  <normal x="0.0" y="1.0" z="-0.0" />
               </vertex>
               <vertex>
                  <position x="211.5" y="5.42143727577218" z="-71.25" />
                  <normal x="0.0" y="1.0" z="-0.0" />
               </vertex>
               <vertex>
                  <position x="206.25" y="5.42143727577218" z="-71.25" />
                  <normal x="-1.0" y="0.0" z="-0.0" />
               </vertex>
               <vertex>
                  <position x="206.25" y="0.0864568991480397" z="-5.24999999999998" />
                  <normal x="-1.0" y="0.0" z="-0.0" />
               </vertex>
               <vertex>
                  <position x="206.25" y="5.42143727577218" z="-5.24999999999998" />
                  <normal x="-1.0" y="0.0" z="-0.0" />
               </vertex>
               <vertex>
                  <position x="206.25" y="0.0864568991480397" z="-71.25" />
                  <normal x="-1.0" y="0.0" z="-0.0" />
               </vertex>
               <vertex>
                  <position x="5.25" y="5.42143727577218" z="-76.5" />
                  <normal x="-1.0" y="0.0" z="-0.0" />
               </vertex>
               <vertex>
                  <position x="5.25" y="0.0991030235962711" z="-71.2500000000001" />
                  <normal x="-1.0" y="0.0" z="-0.0" />
               </vertex>
               <vertex>
                  <position x="5.25" y="5.42143727577218" z="-71.25" />
                  <normal x="-1.0" y="0.0" z="-0.0" />
               </vertex>
               <vertex>
                  <position x="5.25" y="0.0864568991480397" z="-76.5" />
                  <normal x="-1.0" y="0.0" z="-0.0" />
               </vertex>
               <vertex>
                  <position x="5.25" y="0.0864568991480397" z="-71.25" />
                  <normal x="-1.0" y="0.0" z="-0.0" />
               </vertex>
               <vertex>
                  <position x="206.25" y="0.0" z="-5.24999999999998" />
                  <normal x="1.0" y="0.0" z="-0.0" />
               </vertex>
               <vertex>
                  <position x="206.25" y="5.42143727577218" z="-0.0" />
                  <normal x="1.0" y="0.0" z="-0.0" />
               </vertex>
               <vertex>
                  <position x="206.25" y="0.0" z="-0.0" />
                  <normal x="1.0" y="0.0" z="-0.0" />
               </vertex>
               <vertex>
                  <position x="206.25" y="5.42143727577218" z="-5.24999999999998" />
                  <normal x="1.0" y="0.0" z="-0.0" />
               </vertex>
               <vertex>
                  <position x="206.25" y="0.0864568991480397" z="-5.24999999999998" />
                  <normal x="1.0" y="0.0" z="-0.0" />
               </vertex>
               <vertex>
                  <position x="206.25" y="5.42143727577218" z="-0.0" />
                  <normal x="0.0" y="0.0" z="1.0" />
               </vertex>
               <vertex>
                  <position x="5.25" y="0.0" z="-0.0" />
                  <normal x="0.0" y="0.0" z="1.0" />
               </vertex>
               <vertex>
                  <position x="206.25" y="0.0" z="-0.0" />
                  <normal x="0.0" y="0.0" z="1.0" />
               </vertex>
               <vertex>
                  <position x="5.25" y="5.42143727577218" z="-0.0" />
                  <normal x="0.0" y="0.0" z="1.0" />
               </vertex>
               <vertex>
                  <position x="206.25" y="5.42143727577218" z="-0.0" />
                  <normal x="-6.42331303302924e-033" y="1.0" z="-2.03012210217171e-015" />
               </vertex>
               <vertex>
                  <position x="5.25" y="5.42143727577218" z="-5.24999999999998" />
                  <normal x="-6.42331303302924e-033" y="1.0" z="-2.03012210217171e-015" />
               </vertex>
               <vertex>
                  <position x="5.25" y="5.42143727577218" z="-0.0" />
                  <normal x="-6.42331303302924e-033" y="1.0" z="-2.03012210217171e-015" />
               </vertex>
               <vertex>
                  <position x="102.452800797933" y="5.42143727577216" z="-5.24999999999995" />
                  <normal x="-6.42331303302924e-033" y="1.0" z="-2.03012210217171e-015" />
               </vertex>
               <vertex>
                  <position x="109.047199202068" y="5.42143727577216" z="-5.24999999999997" />
                  <normal x="-6.42331303302924e-033" y="1.0" z="-2.03012210217171e-015" />
               </vertex>
               <vertex>
                  <position x="206.25" y="5.42143727577218" z="-5.24999999999998" />
                  <normal x="-6.42331303302924e-033" y="1.0" z="-2.03012210217171e-015" />
               </vertex>
               <vertex>
                  <position x="5.25" y="5.42143727577218" z="-5.24999999999998" />
                  <normal x="-1.0" y="0.0" z="-0.0" />
               </vertex>
               <vertex>
                  <position x="5.25" y="0.0" z="-0.0" />
                  <normal x="-1.0" y="0.0" z="-0.0" />
               </vertex>
               <vertex>
                  <position x="5.25" y="5.42143727577218" z="-0.0" />
                  <normal x="-1.0" y="0.0" z="-0.0" />
               </vertex>
               <vertex>
                  <position x="5.25" y="0.0" z="-5.24999999999998" />
                  <normal x="-1.0" y="0.0" z="-0.0" />
               </vertex>
               <vertex>
                  <position x="5.25" y="0.0991030235962072" z="-5.24999999999998" />
                  <normal x="-1.0" y="0.0" z="-0.0" />
               </vertex>
               <vertex>
                  <position x="5.25" y="0.0864568991480397" z="-5.24999999999998" />
                  <normal x="-1.0" y="0.0" z="-0.0" />
               </vertex>
               <vertex>
                  <position x="5.25" y="5.42143727577218" z="-5.24999999999998" />
                  <normal x="7.40940000707625e-018" y="1.17057407391891e-015" z="-1.0" />
               </vertex>
               <vertex>
                  <position x="102.452800797933" y="5.42143727577216" z="-5.24999999999995" />
                  <normal x="7.40940000707625e-018" y="1.17057407391891e-015" z="-1.0" />
               </vertex>
               <vertex>
                  <position x="5.25" y="0.0991030235962072" z="-5.24999999999998" />
                  <normal x="7.40940000707625e-018" y="1.17057407391891e-015" z="-1.0" />
               </vertex>
               <vertex>
                  <position x="5.25" y="0.0864568991480397" z="-5.24999999999998" />
                  <normal x="7.40940000707625e-018" y="1.17057407391891e-015" z="-1.0" />
               </vertex>
               <vertex>
                  <position x="109.047199202068" y="0.0864568991480184" z="-5.24999999999997" />
                  <normal x="7.40940000707625e-018" y="1.17057407391891e-015" z="-1.0" />
               </vertex>
               <vertex>
                  <position x="102.452800797933" y="0.0864568991480184" z="-5.24999999999997" />
                  <normal x="7.40940000707625e-018" y="1.17057407391891e-015" z="-1.0" />
               </vertex>
               <vertex>
                  <position x="206.25" y="0.0864568991480397" z="-5.24999999999998" />
                  <normal x="7.40940000707625e-018" y="1.17057407391891e-015" z="-1.0" />
               </vertex>
               <vertex>
                  <position x="206.25" y="5.42143727577218" z="-5.24999999999998" />
                  <normal x="7.40940000707625e-018" y="1.17057407391891e-015" z="-1.0" />
               </vertex>
               <vertex>
                  <position x="109.047199202068" y="5.42143727577216" z="-5.24999999999997" />
                  <normal x="7.40940000707625e-018" y="1.17057407391891e-015" z="-1.0" />
               </vertex>
               <vertex>
                  <position x="109.047199202068" y="0.979613542749995" z="-40.1341885385159" />
                  <normal x="1.0" y="0.0" z="-0.0" />
               </vertex>
               <vertex>
                  <position x="109.047199202068" y="4.27681274481743" z="-36.8369893364484" />
                  <normal x="1.0" y="0.0" z="-0.0" />
               </vertex>
               <vertex>
                  <position x="109.047199202068" y="0.979613542749995" z="-36.8369893364484" />
                  <normal x="1.0" y="0.0" z="-0.0" />
               </vertex>
               <vertex>
                  <position x="109.047199202068" y="4.27681274481743" z="-40.1341885385159" />
                  <normal x="1.0" y="0.0" z="-0.0" />
               </vertex>
               <vertex>
                  <position x="109.047199202068" y="0.086456899148029" z="-40.1341885385159" />
                  <normal x="1.0" y="0.0" z="-0.0" />
               </vertex>
               <vertex>
                  <position x="109.047199202068" y="0.979613542749995" z="-36.8369893364484" />
                  <normal x="1.0" y="0.0" z="-0.0" />
               </vertex>
               <vertex>
                  <position x="109.047199202068" y="0.086456899148029" z="-36.8369893364484" />
                  <normal x="1.0" y="0.0" z="-0.0" />
               </vertex>
               <vertex>
                  <position x="109.047199202068" y="0.979613542749995" z="-40.1341885385159" />
                  <normal x="1.0" y="0.0" z="-0.0" />
               </vertex>
               <vertex>
                  <position x="109.047199202068" y="5.42143727577216" z="-5.24999999999997" />
                  <normal x="1.61624160131398e-015" y="-1.99778448728723e-015" z="1.0" />
               </vertex>
               <vertex>
                  <position x="102.452800797933" y="0.0864568991480184" z="-5.24999999999997" />
                  <normal x="1.61624160131398e-015" y="-1.99778448728723e-015" z="1.0" />
               </vertex>
               <vertex>
                  <position x="109.047199202068" y="0.0864568991480184" z="-5.24999999999997" />
                  <normal x="1.61624160131398e-015" y="-1.99778448728723e-015" z="1.0" />
               </vertex>
               <vertex>
                  <position x="102.452800797933" y="5.42143727577216" z="-5.24999999999995" />
                  <normal x="1.61624160131398e-015" y="-1.99778448728723e-015" z="1.0" />
               </vertex>
               <vertex>
                  <position x="102.452800797933" y="5.42143727577218" z="-71.25" />
                  <normal x="-1.0" y="0.0" z="-0.0" />
               </vertex>
               <vertex>
                  <position x="102.452800797933" y="0.0864568991480184" z="-5.24999999999997" />
                  <normal x="-1.0" y="0.0" z="-0.0" />
               </vertex>
               <vertex>
                  <position x="102.452800797933" y="5.42143727577216" z="-5.24999999999995" />
                  <normal x="-1.0" y="0.0" z="-0.0" />
               </vertex>
               <vertex>
                  <position x="102.452800797933" y="0.0864568991480397" z="-71.25" />
                  <normal x="-1.0" y="0.0" z="-0.0" />
               </vertex>
               <vertex>
                  <position x="109.047199202068" y="0.0864568991480397" z="-71.25" />
                  <normal x="1.0" y="0.0" z="-0.0" />
               </vertex>
               <vertex>
                  <position x="109.047199202068" y="0.979613542749995" z="-40.1341885385159" />
                  <normal x="1.0" y="0.0" z="-0.0" />
               </vertex>
               <vertex>
                  <position x="109.047199202068" y="0.086456899148029" z="-40.1341885385159" />
                  <normal x="1.0" y="0.0" z="-0.0" />
               </vertex>
               <vertex>
                  <position x="109.047199202068" y="4.27681274481743" z="-40.1341885385159" />
                  <normal x="1.0" y="0.0" z="-0.0" />
               </vertex>
               <vertex>
                  <position x="109.047199202068" y="0.086456899148029" z="-36.8369893364484" />
                  <normal x="1.0" y="0.0" z="-0.0" />
               </vertex>
               <vertex>
                  <position x="109.047199202068" y="5.42143727577216" z="-5.24999999999997" />
                  <normal x="1.0" y="0.0" z="-0.0" />
               </vertex>
               <vertex>
                  <position x="109.047199202068" y="0.0864568991480184" z="-5.24999999999997" />
                  <normal x="1.0" y="0.0" z="-0.0" />
               </vertex>
               <vertex>
                  <position x="109.047199202068" y="4.27681274481743" z="-36.8369893364484" />
                  <normal x="1.0" y="0.0" z="-0.0" />
               </vertex>
               <vertex>
                  <position x="109.047199202068" y="5.42143727577218" z="-71.25" />
                  <normal x="1.0" y="0.0" z="-0.0" />
               </vertex>
               <vertex>
                  <position x="109.047199202068" y="0.979613542749995" z="-36.8369893364484" />
                  <normal x="1.0" y="0.0" z="-0.0" />
               </vertex>
            </vertexbuffer>
         </geometry>
      </submesh>
   </submeshes>
</mesh>
