<mesh>
   <submeshes>
      <submesh material = "Translucent_Glass_Gray" usesharedvertices="false" use32bitindexes="false">
         <faces count="24">
            <face v1="0" v2="1" v3="2" />
            <face v1="1" v2="0" v3="3" />
            <face v1="5" v2="4" v3="6" />
            <face v1="4" v2="5" v3="7" />
            <face v1="8" v2="9" v3="10" />
            <face v1="9" v2="8" v3="11" />
            <face v1="13" v2="12" v3="14" />
            <face v1="12" v2="13" v3="15" />
            <face v1="16" v2="17" v3="18" />
            <face v1="17" v2="16" v3="19" />
            <face v1="21" v2="20" v3="22" />
            <face v1="20" v2="21" v3="23" />
            <face v1="24" v2="25" v3="26" />
            <face v1="25" v2="24" v3="27" />
            <face v1="29" v2="28" v3="30" />
            <face v1="28" v2="29" v3="31" />
            <face v1="32" v2="33" v3="34" />
            <face v1="33" v2="32" v3="35" />
            <face v1="37" v2="36" v3="38" />
            <face v1="36" v2="37" v3="39" />
            <face v1="40" v2="41" v3="42" />
            <face v1="41" v2="40" v3="43" />
            <face v1="45" v2="44" v3="46" />
            <face v1="44" v2="45" v3="47" />
         </faces>
         <geometry vertexcount="48">
            <vertexbuffer positions="true" normals="true" colours_diffuse="false"  >
               <vertex>
                  <position x="211.5" y="4.5" z="-0.0" />
                  <normal x="0.0" y="1.0" z="-0.0" />
               </vertex>
               <vertex>
                  <position x="0.0" y="4.5" z="-76.5" />
                  <normal x="0.0" y="1.0" z="-0.0" />
               </vertex>
               <vertex>
                  <position x="0.0" y="4.5" z="-0.0" />
                  <normal x="0.0" y="1.0" z="-0.0" />
               </vertex>
               <vertex>
                  <position x="211.5" y="4.5" z="-76.5" />
                  <normal x="0.0" y="1.0" z="-0.0" />
               </vertex>
               <vertex>
                  <position x="211.5" y="4.5" z="-0.0" />
                  <normal x="-0.0" y="-1.0" z="0.0" />
               </vertex>
               <vertex>
                  <position x="0.0" y="4.5" z="-76.5" />
                  <normal x="-0.0" y="-1.0" z="0.0" />
               </vertex>
               <vertex>
                  <position x="0.0" y="4.5" z="-0.0" />
                  <normal x="-0.0" y="-1.0" z="0.0" />
               </vertex>
               <vertex>
                  <position x="211.5" y="4.5" z="-76.5" />
                  <normal x="-0.0" y="-1.0" z="0.0" />
               </vertex>
               <vertex>
                  <position x="211.5" y="4.5" z="-0.0" />
                  <normal x="-0.0" y="-0.0" z="1.0" />
               </vertex>
               <vertex>
                  <position x="0.0" y="0.0" z="-0.0" />
                  <normal x="-0.0" y="-0.0" z="1.0" />
               </vertex>
               <vertex>
                  <position x="211.5" y="0.0" z="-0.0" />
                  <normal x="-0.0" y="-0.0" z="1.0" />
               </vertex>
               <vertex>
                  <position x="0.0" y="4.5" z="-0.0" />
                  <normal x="-0.0" y="-0.0" z="1.0" />
               </vertex>
               <vertex>
                  <position x="211.5" y="4.5" z="-0.0" />
                  <normal x="0.0" y="0.0" z="-1.0" />
               </vertex>
               <vertex>
                  <position x="0.0" y="0.0" z="-0.0" />
                  <normal x="0.0" y="0.0" z="-1.0" />
               </vertex>
               <vertex>
                  <position x="211.5" y="0.0" z="-0.0" />
                  <normal x="0.0" y="0.0" z="-1.0" />
               </vertex>
               <vertex>
                  <position x="0.0" y="4.5" z="-0.0" />
                  <normal x="0.0" y="0.0" z="-1.0" />
               </vertex>
               <vertex>
                  <position x="0.0" y="4.5" z="-76.5" />
                  <normal x="-1.0" y="0.0" z="-0.0" />
               </vertex>
               <vertex>
                  <position x="0.0" y="0.0" z="-0.0" />
                  <normal x="-1.0" y="0.0" z="-0.0" />
               </vertex>
               <vertex>
                  <position x="0.0" y="4.5" z="-0.0" />
                  <normal x="-1.0" y="0.0" z="-0.0" />
               </vertex>
               <vertex>
                  <position x="0.0" y="0.0" z="-76.5" />
                  <normal x="-1.0" y="0.0" z="-0.0" />
               </vertex>
               <vertex>
                  <position x="0.0" y="4.5" z="-76.5" />
                  <normal x="1.0" y="-0.0" z="0.0" />
               </vertex>
               <vertex>
                  <position x="0.0" y="0.0" z="-0.0" />
                  <normal x="1.0" y="-0.0" z="0.0" />
               </vertex>
               <vertex>
                  <position x="0.0" y="4.5" z="-0.0" />
                  <normal x="1.0" y="-0.0" z="0.0" />
               </vertex>
               <vertex>
                  <position x="0.0" y="0.0" z="-76.5" />
                  <normal x="1.0" y="-0.0" z="0.0" />
               </vertex>
               <vertex>
                  <position x="0.0" y="4.5" z="-76.5" />
                  <normal x="0.0" y="0.0" z="-1.0" />
               </vertex>
               <vertex>
                  <position x="211.5" y="0.0" z="-76.5" />
                  <normal x="0.0" y="0.0" z="-1.0" />
               </vertex>
               <vertex>
                  <position x="0.0" y="0.0" z="-76.5" />
                  <normal x="0.0" y="0.0" z="-1.0" />
               </vertex>
               <vertex>
                  <position x="211.5" y="4.5" z="-76.5" />
                  <normal x="0.0" y="0.0" z="-1.0" />
               </vertex>
               <vertex>
                  <position x="0.0" y="4.5" z="-76.5" />
                  <normal x="-0.0" y="-0.0" z="1.0" />
               </vertex>
               <vertex>
                  <position x="211.5" y="0.0" z="-76.5" />
                  <normal x="-0.0" y="-0.0" z="1.0" />
               </vertex>
               <vertex>
                  <position x="0.0" y="0.0" z="-76.5" />
                  <normal x="-0.0" y="-0.0" z="1.0" />
               </vertex>
               <vertex>
                  <position x="211.5" y="4.5" z="-76.5" />
                  <normal x="-0.0" y="-0.0" z="1.0" />
               </vertex>
               <vertex>
                  <position x="211.5" y="0.0" z="-76.5" />
                  <normal x="1.0" y="0.0" z="-0.0" />
               </vertex>
               <vertex>
                  <position x="211.5" y="4.5" z="-0.0" />
                  <normal x="1.0" y="0.0" z="-0.0" />
               </vertex>
               <vertex>
                  <position x="211.5" y="0.0" z="-0.0" />
                  <normal x="1.0" y="0.0" z="-0.0" />
               </vertex>
               <vertex>
                  <position x="211.5" y="4.5" z="-76.5" />
                  <normal x="1.0" y="0.0" z="-0.0" />
               </vertex>
               <vertex>
                  <position x="211.5" y="0.0" z="-76.5" />
                  <normal x="-1.0" y="-0.0" z="0.0" />
               </vertex>
               <vertex>
                  <position x="211.5" y="4.5" z="-0.0" />
                  <normal x="-1.0" y="-0.0" z="0.0" />
               </vertex>
               <vertex>
                  <position x="211.5" y="0.0" z="-0.0" />
                  <normal x="-1.0" y="-0.0" z="0.0" />
               </vertex>
               <vertex>
                  <position x="211.5" y="4.5" z="-76.5" />
                  <normal x="-1.0" y="-0.0" z="0.0" />
               </vertex>
               <vertex>
                  <position x="211.5" y="0.0" z="-76.5" />
                  <normal x="0.0" y="-1.0" z="-0.0" />
               </vertex>
               <vertex>
                  <position x="0.0" y="0.0" z="-0.0" />
                  <normal x="0.0" y="-1.0" z="-0.0" />
               </vertex>
               <vertex>
                  <position x="0.0" y="0.0" z="-76.5" />
                  <normal x="0.0" y="-1.0" z="-0.0" />
               </vertex>
               <vertex>
                  <position x="211.5" y="0.0" z="-0.0" />
                  <normal x="0.0" y="-1.0" z="-0.0" />
               </vertex>
               <vertex>
                  <position x="211.5" y="0.0" z="-76.5" />
                  <normal x="-0.0" y="1.0" z="0.0" />
               </vertex>
               <vertex>
                  <position x="0.0" y="0.0" z="-0.0" />
                  <normal x="-0.0" y="1.0" z="0.0" />
               </vertex>
               <vertex>
                  <position x="0.0" y="0.0" z="-76.5" />
                  <normal x="-0.0" y="1.0" z="0.0" />
               </vertex>
               <vertex>
                  <position x="211.5" y="0.0" z="-0.0" />
                  <normal x="-0.0" y="1.0" z="0.0" />
               </vertex>
            </vertexbuffer>
         </geometry>
      </submesh>
   </submeshes>
</mesh>
