<mesh>
   <submeshes>
      <submesh material = "_Gray_" usesharedvertices="false" use32bitindexes="false">
         <faces count="4">
            <face v1="0" v2="1" v3="2" />
            <face v1="1" v2="0" v3="3" />
            <face v1="5" v2="4" v3="6" />
            <face v1="4" v2="5" v3="7" />
         </faces>
         <geometry vertexcount="8">
            <vertexbuffer positions="true" normals="true" colours_diffuse="false"  >
               <vertex>
                  <position x="6.49125000000001" y="0.0" z="-0.0" />
                  <normal x="7.31934583129802e-018" y="0.86602540378444" z="0.499999999999997" />
               </vertex>
               <vertex>
                  <position x="0.0" y="1.276875" z="-2.21161237491452" />
                  <normal x="7.31934583129802e-018" y="0.86602540378444" z="0.499999999999997" />
               </vertex>
               <vertex>
                  <position x="0.0" y="0.0" z="-0.0" />
                  <normal x="7.31934583129802e-018" y="0.86602540378444" z="0.499999999999997" />
               </vertex>
               <vertex>
                  <position x="6.49125000000003" y="1.276875" z="-2.21161237491452" />
                  <normal x="7.31934583129802e-018" y="0.86602540378444" z="0.499999999999997" />
               </vertex>
               <vertex>
                  <position x="6.49125000000001" y="0.0" z="-0.0" />
                  <normal x="-7.31934583129802e-018" y="-0.86602540378444" z="-0.499999999999997" />
               </vertex>
               <vertex>
                  <position x="0.0" y="1.276875" z="-2.21161237491452" />
                  <normal x="-7.31934583129802e-018" y="-0.86602540378444" z="-0.499999999999997" />
               </vertex>
               <vertex>
                  <position x="0.0" y="0.0" z="-0.0" />
                  <normal x="-7.31934583129802e-018" y="-0.86602540378444" z="-0.499999999999997" />
               </vertex>
               <vertex>
                  <position x="6.49125000000003" y="1.276875" z="-2.21161237491452" />
                  <normal x="-7.31934583129802e-018" y="-0.86602540378444" z="-0.499999999999997" />
               </vertex>
            </vertexbuffer>
         </geometry>
      </submesh>
   </submeshes>
</mesh>
