<mesh>
   <submeshes>
      <submesh material = "SketchupDefault" usesharedvertices="false" use32bitindexes="false">
         <faces count="2">
            <face v1="1" v2="0" v3="2" />
            <face v1="0" v2="1" v3="3" />
         </faces>
         <geometry vertexcount="4">
            <vertexbuffer positions="true" normals="true" colours_diffuse="false"  >
               <vertex>
                  <position x="6.49125000000001" y="0.0" z="-0.0" />
                  <normal x="-0.0" y="-0.866025403784439" z="-0.499999999999999" />
               </vertex>
               <vertex>
                  <position x="0.0" y="3.245625" z="-5.62158740231575" />
                  <normal x="-0.0" y="-0.866025403784439" z="-0.499999999999999" />
               </vertex>
               <vertex>
                  <position x="0.0" y="0.0" z="-0.0" />
                  <normal x="-0.0" y="-0.866025403784439" z="-0.499999999999999" />
               </vertex>
               <vertex>
                  <position x="6.49125000000001" y="3.245625" z="-5.62158740231575" />
                  <normal x="-0.0" y="-0.866025403784439" z="-0.499999999999999" />
               </vertex>
            </vertexbuffer>
         </geometry>
      </submesh>
      <submesh material = "_Ivory_" usesharedvertices="false" use32bitindexes="false">
         <faces count="2">
            <face v1="0" v2="1" v3="2" />
            <face v1="1" v2="0" v3="3" />
         </faces>
         <geometry vertexcount="4">
            <vertexbuffer positions="true" normals="true" colours_diffuse="false"  >
               <vertex>
                  <position x="6.49125000000001" y="0.0" z="-0.0" />
                  <normal x="0.0" y="0.866025403784439" z="0.499999999999999" />
               </vertex>
               <vertex>
                  <position x="0.0" y="3.245625" z="-5.62158740231575" />
                  <normal x="0.0" y="0.866025403784439" z="0.499999999999999" />
               </vertex>
               <vertex>
                  <position x="0.0" y="0.0" z="-0.0" />
                  <normal x="0.0" y="0.866025403784439" z="0.499999999999999" />
               </vertex>
               <vertex>
                  <position x="6.49125000000001" y="3.245625" z="-5.62158740231575" />
                  <normal x="0.0" y="0.866025403784439" z="0.499999999999999" />
               </vertex>
            </vertexbuffer>
         </geometry>
      </submesh>
   </submeshes>
</mesh>
